Subcategory,RQ,Code abbreviation,Full code name,Key words/phrases,Definition,Tweaks/ideas/notes (w/ initials),,,,,,,,,,,,,,,,,,,,,,
,N,A-CSD,Aware of CSDisseminate,I'm familiar with CSDisseminate.,"Familiar with CSDisseminate, heard of the website, group (not necessarily used it though)",,,,,,,,,,,,,,,,,,,,,,,
,N,A-OS,Awareness of Open Science Practices,"I know that open science exists // I have not had direct training...I guess exposure at conferences // But it's just kind of maybe thrown in like if in a presentation, or you know a talk // my main source of familiarity with open access is through the talk bank records. // I also really have looked at a lot of pre-prints",Stating that they know open science practices exist,,,,,,,,,,,,,,,,,,,,,,,
,N,B-OA,Barrier - Open Access,"Open access fees, money, cost, financial burden",Barriers related to Open Access,,,,,,,,,,,,,,,,,,,,,,,
,N,B-OD,Barrier - Open Data,"Making sure it's de-identified // time ... It gets pushed and pushed and pushed with everything else that you have to do // IRB is not willing to let me put anything online like I've I've asked their permission //  funding is a huge issue. Specifically, when you're not in an R rated institution right? Because we don't have research assistance. // there's a big learning curve and time commitment",Barriers related to open data,,,,,,,,,,,,,,,,,,,,,,,
,N,B-OM,Barrier - Open Materials,"Double-blind code, GitHub, putting my code up on OSF",Participant describes a barrier related to open materials,,,,,,,,,,,,,,,,,,,,,,,
,N,B-OPR,Barrier - Open Peer Review,power differential // I just didn't want her to associate me with criticizing her work.,Participant was concerned about open peer review process,,,,,,,,,,,,,,,,,,,,,,,
,N,B-OS,Barrier - Open Science,"Because my university is not a research focused university, I don't think open access for research is as much of a concern // feels like this extra big step that is like, how do I even do this with everything else going on? // even if I were to like intrinsically be motivated to do it, there would be barriers, because I don't have the support of the senior people around me",A barrier to engaging in open science (specific practice not specified),,,,,,,,,,,,,,,,,,,,,,,
,N,B-PR,Barrier - Preregistration,I don't know what to pre-register // we just aren't used to doing it // lack the motivation // the vulnerability of posting your ideas before you've done this study // not really sure what the benefits are,Barriers related to PR,,,,,,,,,,,,,,,,,,,,,,,
,N,B-SA,Barrier- Self-Archiving,I don't know what I'm allowed to do... every journal has different rules // the fact that each journal has very specific requirements makes me nervous // making sure I do it right // time,Participant discusses a barrier they face that prevents them from self-archiving or makes it difficult to self-archive,,,,,,,,,,,,,,,,,,,,,,,
1.8 - Past Experience,N,DUR,Data upon request,"I always offer to like, my data is available upon request // We've been working to have all of our MRIs and EPRIMES uploaded to a platform",Data is available upon request (but not fully available/open),,,,,,,,,,,,,,,,,,,,,,,
1.6 - Attitudes,N,E-OS,Excited - Open science,"I was excited to do this because I feel like I'm just dipping my toe into this water, and kind of like experiencing it for the first time. // Can't wait to do more in the future",sharing that they're excited about open science practices,,,,,,,,,,,,,,,,,,,,,,,
,N,F-OA,Facilitator - Open Access,"Money, libraries, grant funds // My current university is a subscriber to some of the gold open access options for certain journals, and so publishing through those is easier because the university picks up the tab.","Facilitator for open access (e.g., journal publishing manuscript as OA for free)",,,,,,,,,,,,,,,,,,,,,,,
,N,F-OD,Facilitator - Open Data,"De-identification, new NIH policy, support and culture (of doing OD) // I think it would be really helpful to have some examples of IRB language that's worked for other people",Facilitator for open data,,,,,,,,,,,,,,,,,,,,,,,
,N,F-OER,Facilitator - Open Educational Resources,"Build a website where maybe we can sort all of of our instructional, like assignments and syllabi and slides, and all of those things to make the the teaching part more open.",Facilitator for engaging in sharing open educational resources,,,,,,,,,,,,,,,,,,,,,,,
,N,F-OS,Facilitator - Open Science,"Having a cohort // one place to go to reach a lot of resources // it may be helpful just to have a a list or some sort of reference, to be able to give to our institutions, or give to our library, saying why this is important. You know, what are the benefits, and what are the barriers // having someone to look at as an example",A facilitator for engaging in open science (specific practice not specified),,,,,,,,,,,,,,,,,,,,,,,
,N,F-PR,Facilitator - Preregistration,"I think I'd be more likely if it was just really similar to something I'd done previously. I'd be more likely to be comfortable pre-registering // if there is some sort of direct benefit to me of doing this // I use that as an opportunity to train my students how to write. // just realizing why it's so important, hopefully, might motivate me to to actually take the time and effort needed to do it.","Facilitator for preregistration (e.g., having data collected already so they feel confident about their stats plan)",,,,,,,,,,,,,,,,,,,,,,,
,N,F-SA,Facilitator - Self Archiving,"If there is just a one place, I could go and look up the journal, and it would just say what their policy was that would help. // My previous institution had a very active librarian...and all I had to do was send them the title and the the journal, and they did all the contacting and figured out which draft needed to be // Maybe if the journal just once it was accepted, if they just, you know, send you an additional email with the PDF saying, here is the one that you can, self-archive. // The CSDisseminate resources for me were really big for this.",Facilitator for engaging in the self-archiving process,,,,,,,,,,,,,,,,,,,,,,,
,N,I-OS,Intention - Open Science,"Can't wait to do more in the future, hopefully, even better. // I know that that's not as good as like sharing the data publicly, and that's gonna be something I hope to do in the future. // And then also trying to work language into the IRB to be more open with data going forward as a goal. // I'm very much in favor of preregistration. I haven’t done it myself yet. But I intend to. //",Expressing a desire to use an OS practice in the future,,,,,,,,,,,,,,,,,,,,,,,
1.6 - Attitudes,N,Imp-OS,Importance of Open Science,I know that open science is important,Stating that they think OS is important,,,,,,,,,,,,,,,,,,,,,,,
1.7 - Training/Knowledge,N,KOP-OS,Knowledge of procedures - Open Science,"The NIH requires that you any data you collect you have to like, put it in this repository. // I think there's also different stages where you can preregister. // We were also asked to share our codes and our our experimental paradigms that have to be reviewed double in a double-blind fashion, and there are ways on OSF. // I know that I could preprint a study // in terms of knowing what to do and looking at the new NIH Grant requirements. There's a new like data sharing plan form that's much more in depth in talking about like repositories and things like that // open neuro, I think, has data sharing, and I haven't used that yet // I know the mechanics behind getting you know a paper up before it's formatted by the journal for post prints or pre prints, and I know the mechanics of putting my code up on OSF and making it available. But I feel like all of that takes a lot of additional time for me // ostensibly I know how to put papers on an repository that people can access.",Participant demonstrates or describes knowledge of open science practices and/or the NIH processes,,,,,,,,,,,,,,,,,,,,,,,
,N,LOA-IR,Lack of awareness - institutional repository,I'm not completely aware of what kind of institutional repository options are available to me,"Lack of awareness of open science procedures, specifically referencing institutional repository",Might be the reverse of KOP code,,,,,,,,,,,,,,,,,,,,,,
1.8 - Past Experience,N,LPE-OA,Lack of previous experience - Open Access,"I haven't posted data publicly before, code or published anything, paid extra to publish open access, or done any registered reports or anything.",Participant specifically mentions they do not have any prior experience with open access efforts,,,,,,,,,,,,,,,,,,,,,,,
1.8 - Past Experience,N,LPE-OD,Lack of previous experience - Open Data,"I haven't a lot of the data sharing kinds of things that others have talked about, and so that that feels to me more overwhelming at the moment // I'm starting new right now. So, I think that allows me to figure out okay, how much do I want to spend on this? And so it's not like I'm...haven't been doing it for a while in my lab, and so now I have the ability to make that choice ",Participant specifically mentions they do not have any prior experience with open data,,,,,,,,,,,,,,,,,,,,,,,
1.8 - Past Experience,N,LPE-OS,Lack of previous experience- Open Science ,I know that open science exists. But I have not really taken the steps to do any of this myself. //  I haven't done a whole lot related to open science exactly // So I also have like very limited experience with using like like open science,Participant mentions that they lack previous experience (or have limited experience) with open science practices,,,,,,,,,,,,,,,,,,,,,,,
1.8 - Past Experience,N,LPE-PR,Lack of Previous Experience - Preregistration,"I'm very much in favor of preregistration. I haven’t done it myself yet // I would just add, I haven't done this at all. So it's like, so I mentioned before, all this like kind of quick, just more information on the how to’s I imagine everything you said would be barriers for me if I would have tried to do this before. But I haven't.",Participant expresses that they have not preregistered before or have very limited experience with preregistering,,,,,,,,,,,,,,,,,,,,,,,
1.8 - Past Experience,N,LPE-SA,Lack of previous experience - Self Archiving,,Participant specifically mentions they do not have any prior experience with self-archiving efforts,,,,,,,,,,,,,,,,,,,,,,,
1.6 - Attitudes,N,M-OS,Motivated -  Open Science,"I think I've benefited from other people using it, which is helpful to to see how useful it can be, and does motivate me to to learn more about it, and to use use more of them // In I think my first year of my faculty position I was really motivated to self-archive",Participant expresses being motivated to learn more or engage in open science practices,,,,,,,,,,,,,,,,,,,,,,,
1.8 - Past Experience,N,MUR,Manuscript available upon request,"So, for example, on Research Gate, I I will if someone messages me asking for a copy, I always send it to them // But I respond quickly to requests on Research Gate. When people do request articles. // But if somebody sends you a PM on the Research Gate or whatever, you can share whatever you want. // So I try to add as much as I can and then also trying to share publications",Participant will share the manuscript if they are directly asked for it.,,,,,,,,,,,,,,,,,,,,,,,
1.6 - Attitudes,N,N-OS,Nervous - Open Science,"I just am like nervous to venture too far into self-archiving and open data // So that I think just the fact that each journal has very specific requirements makes me nervous // I again feel very anxious putting it out there for everybody else, especially like before I'm finished with it, because I feel like I might have missed something, or it just gives me a little bit of anxiety because I still don't feel super confident",Nervous or anxious feelings about engaging in an open science practice,,,,,,,,,,,,,,,,,,,,,,,
1.8 - Past Experience,N,PE-NIH,prior experience - NIH,"Oh, I'm just gonna say it's like the only way I know how to share my papers is when NIH yells at me that we to share them // Many of my papers are also one PubMed Central, because they were affiliated with an NIH-funded study. // And then, so most of my work has been NIH-funded, which typically allows for open access after a year. So, I've sort of defaulted to, well, I'll just wait a year, and then I can make that version available",Participant has followed the NIH guidelines for making publication free with the embargo period,,,,,,,,,,,,,,,,,,,,,,,
1.8 - Past Experience,N,PE-OS,prior experience - Open Science,"Yeah, I preprint everything, because as far as I've been able to tell you cannot be yelled at for preprinting because it's not owned by a publisher yet // I try to really could as much supplemental and extra appendices like things, if I have work that I think is clinically relevant, or I want to be able to have SLPs who are going to be able to try to replicate our use // I know that we tried to publish like, trying to put something and register some...a couple of manuscripts, but it didn't happen because it was taking away time from the actual manuscript",Participant describes prior experience with any open science process ,,,,,,,,,,,,,,,,,,,,,,,
,N,PW,Personal website,"And so my lab website includes links to download the freely available version of our published papers // I don't have a personal website yet, but I have posted preregistrations on OSF and I've posted some R scripts and some stimuli // After a talk I'll I'll try to post those on on my lab website as well","Using a personal website for OS purposes (personal, lab website)",,,,,,,,,,,,,,,,,,,,,,,
,N,R-UCSD,Resources - used CSDisseminate resources,"Yeah, I agree also even after the CSDisseminate talk about self archiving, we still, in the in my lab, are struggling to find the rules for each publisher, and it seems like every time we look they are a little bit different // One of the resources that CSDisseminates provides is a template for the blurb to include at the top of the manuscript, and I always just copy paste that in and I find that really helpful // So I did do a CSDisseminate webinar, maybe","Participant has utilized CSDisseminate resources (e.g., referenced website, attended a training)",This is different from a general awareness/having heard of CSDisseminate. May be double coded with edu-webinar,,,,,,,,,,,,,,,,,,,,,,
1.5 - Personal,N,SJ,Self Judgement,"I know that's not as good as like sharing the data publicly // But I just still feel like, hey, I'm a lousy researcher","Participant demonstrates self-judgement about how they do or do not engage in OS practices, speaking more generally and not as a specific barrier to engaging in OS. Participant expresses they feel like a ""lousy"" or ""bad"" researcher because they do/do not do an OS practice.","Example: ""I know that that's not as good as like sharing the data publicly""",,,,,,,,,,,,,,,,,,,,,,
,N,TE-BTT,Training Experience-Before Tenure Track,"I guess my only formal one was in my stats courses that we used Github, but otherwise I haven't had any formal education about that // So, I I receive formal training during a postdoctal experience // I recall that in our systematic review class we talked about sort of the registration of a systematic review protocol ",Participant describes a training experience in OS during their PhD program or postdoc,,,,,,,,,,,,,,,,,,,,,,,
,N,TE-LFO,Training experience-learning from others,"I think I've benefited from other people using it, which is helpful to to see how useful it can be // So, someone that I've recently collaborated with that is a postdoc has actually taught me quite a bit, and that's how I've gotten kind of more exposure and comfort with OSF and pre registrations and posting things like that. ","Participant discusses learning about OS/how to engage in OS through working with others or seeing how others engage in OS (e.g., seeing what others share on OSF) or talking with others about OS",,,,,,,,,,,,,,,,,,,,,,,
,N,TE-M ,Training experience-Media,"Mine's been like 99% twitter and 1% conference probably. If I'm being honest. // There are a lot of Youtube videos as well, and have a bookmark folder for those resources, and happy to share // I've listened to several different podcasts talking about the various aspects of open science, so I feel like I have a decent understanding of the different components of it ","Participant discusses learning about OS through podcasts, videos, or social media",,,,,,,,,,,,,,,,,,,,,,,
,N,TE-NE,Training experience - not extensive,"I did not receive any formal training in my doctoral program, my postdoc, or even on boarding as a new faculty member at my home institution // I guess my only formal one was in my stats courses that we used Github, but otherwise I haven't had any formal education about that // I think I did a CSDisseminate something a webinar, whatever it was some time ago, but otherwise I I mean, I've had very little formal instruction on open science. // Just kind of little bits and pieces along the way // But it wasn't particularly extensive",Previous training (either a specific webinar OR training experience in general with OS) was not extensive,AWL,,,,,,,,,,,,,,,,,,,,,,
,N,TE-NT,Training experience - no training,"What I was just gonna share was I have not had direct training either, like like some of the others, but mostly experience, I guess exposure at conferences, and then but very little, I would say // But there was no discussion, as somebody else had mentioned, on open science. // We don't know what we're doing, and we haven't been trained to do this this isn't how we've been taught to do research our entire, like // I was gonna say I don't think I have ever attended a talk, or a webinar, or anything that was specifically about open science practice",Discussed not having any preious OS training experience ,,,,,,,,,,,,,,,,,,,,,,,
,N,TE-OS,Training experience - open science,,Discussed previous training with any OS practice,,,,,,,,,,,,,,,,,,,,,,,
,N,TE-PRES,Training experience-presentation,"I’ve had a few trainings at conferences. Some through CSDisseminate, but also at ASNR, the American Society for Neurorehabilitation. They have some talks usually about big data and trying to use consistent outcome measures //  I have attended continuing education sessions on how to access research more easily, and to avoid paying for articles and getting around paywalls","Participant describes a training experience from a conference, workshop, or webinar",,,,,,,,,,,,,,,,,,,,,,,
,N,U-OA,Uncertainty - Open Access,"I don't know, like are there ways to get gold open access paid for if you don't have grant support for a particular project? That's what I would like to know // I have no experience with grant writing, so I don't even really know how to access funding for opportunities like this // This is probably a really naive question. But what is the difference between what makes it gold open access as compared to other levels?","Participant expresses uncertainty related to the open access process, including what counts as OA or the different types of OA",,,,,,,,,,,,,,,,,,,,,,,
,N,U-OD,Uncertainty - open data,"That's how accessible it is to the users in terms of uploading and downloading data. And so what what would be the most straightforward way to do it. I'm constant today at a loss // I don't even know where sort of to begin with that at this point // you know what counts as the de-identifiable or not // because I'm just not sure what I'm legally allowed to do // I, personally, I’m just not sure like what I’m allowed to post, since, like I have a lot of recordings of children's voices and haven't specifically asked for permission to post their voice recordings online",Being unsure what they are allowed to do/share (related to open data),,,,,,,,,,,,,,,,,,,,,,,
,N,U-OER,Uncertainty - Open Educational Resources,I don't even know what open educational resources means,"Being unsure what OERs are, or how to engage with OERs",,,,,,,,,,,,,,,,,,,,,,,
,N,U-OS,uncertainty - open science practices,"I think part of the thing that we ran into is that all of us were learning how to do open science, including my PI. And there was a lot of hesitancy there of like, what do we need to do? What, what's good to put in? And then also just making sure that you're selecting the right area. So, like I do a lot in language and literacy and speech, and so like I know OSF is a good one, but I think there's a couple of new ones that have started that are specific more for that area. // I don't know if this counts // I don't know if that would be considered open science, I think it would be // But I also know that I have a lot to learn about open science and want to improve those practices. So I feel like I think I do more than I realize, but I I consider myself as being new to this area, and wanting to learn and grow and figure out how to do it better","Being unsure what 'counts' as an open science practice, or generally not knowing how to engage in OS practices",,,,,,,,,,,,,,,,,,,,,,,
,N,U-PR,Uncertainty - Preregistration,"But mostly it's time, confusion about how to do it, what details I need to have, how much detail to go into, those kinds of things. And some of it, too, that's been, probably there's probably real easy to find answers for this. But, like the analysis plan, do I need to have
alternative analyses if, like, my data don't need the assumptions for the first proposed analysis, like how much detail // so does anyone know if there's sort of like this once you've been approved by IRB whether that information can be sent as a preregistration for this process? // What everyone saying is making me realize that I think the biggest barriers is that we just aren't used to doing it. We don't know what we're doing
","Being unsure what they are allowed to include in a preregistration or how to preregister (e.g., what to include in stats analysis plan)",,,,,,,,,,,,,,,,,,,,,,,
,N,U-SA,Uncertainty - self-archiving,"Pre-print. What can I? You know what's mine? What's theirs? And I feel like we get. I I feel like there's a lot of information out there about that. But I don't feel like it ever all agrees, so I never kind of hear one consistent report on this is what you can or can't do. I have actually heard the safest way is preprint like everyone else // I'm like I don't actually know how to get this done the standard way, let alone this more equitable, open access way which I believe in. I just am still feel like I'm figuring out sort of the rules of the road, like the road more traveled //  I think the biggest one is just knowing like when it's allowed. If you know, if it's not really clear in the journal if that's okay, then that's the biggest barrier for me",Being unsure of the procedures for SA.,,,,,,,,,,,,,,,,,,,,,,,
1.2 - Working with others,"1,2",B-AM,Barrier - Access to Manuscript,But then often I'm depending on them to send me the accepted manuscript. And either they don't get around to it,"The participant has not received, or cannot obtain the manuscript (pre- or post-print) to self-archive",,,,,,,,,,,,,,,,,,,,,,,
1.6 - Attitudes,"1,2",B-C,Barrier - Competiton,"I'm reluctant to sharing, there's more publications in this data set, why would I give it away?, some sort of amorphous concern...putting it out there will give someone else the idea to then run away with my project","Participant expresses that engaging in an OS practice could/has made them vulnerable to competitive researchers/labs, which makes them not want to engage in the OS practice",,,,,,,,,,,,,,,,,,,,,,,
1.2 - Working with others,"1,2",B-CBI,Barrier - Collaborators Buy In,"it's been an interesting experience actually having to stick to those rules and and convincing everyone on the team that right, like there's a reason that we're doing that // And like I said, I'm doing this for the first time right now. And it is it's interesting how I'm working with these two people, and I have one person who is not comfortable sticking to what we said we are going to do, and this is a very famous person in our field who is very well established // or don't feel like it, or they're not on board, so that's been a barrier that I've encountered",Difficulty with buy-in from collaborators or coauthors,,,,,,,,,,,,,,,,,,,,,,,
1.3 - Study components,"1,2",B-CM,Barrier - Change Methods,"If there's any changes from your preregistration, and you're writing it in your manuscript, you tend to have to take the space to then explain that the differences between what you preregistered and what actually happened. So, depending on word count and things like that that could potentially be a barrier // My plan A probably isn't going to work out. You know. How do I shift away from something if it's preregistered and written in stone?","Participant concerned (e.g., about preregistration) b/c they may change their methods later",,,,,,,,,,,,,,,,,,,,,,,
1.3 - Study components,"1,2",B-CR,Barrier - Copyright,"Copyright of stimuli. So, I use stimuli that I'm really interested in natural speech perception. And so, we actually use some movie clip stimuli that are copyrighted. I think, under fair use it's fine to use them, but I can't share. I'm pretty sure that I can't share the stimuli online, but that would be super important for anybody who wants to use the raw data instead of just derived data that I've created // I am my dissertation, study, or part of my dissertation study was a replication of somebody else's work with a slightly different population and slightly different methods. And so, when I wanted to share some of those methods, they were still under copyright from their from their published work, they they had given them to me so that I could use them. But I couldn't share them sort of openly and publicly. So that was a barrier that I've experienced",Research/data cannot be shared due to copyright,,,,,,,,,,,,,,,,,,,,,,,
1.8 - Past Experience,"1,2",B-D,Barrier - Different,"Like, I'm in a department where literally everyone has been here for over 20 years, and none of them are doing open science because they don't. They don't need it. They they don't perceive that it's important // But you know this wasn't how we did research. What we did is, we would kind of come up with our analysis plans, you know, as we're going along // What everyone saying is making me realize that I think the biggest barriers is that we just aren't used to doing it. ",Participant describes a barrier to using OS practices is that it's not how they've done research before,Note that this is different from referring to their previous training (ex. not being trained previously in OS practices),,,,,,,,,,,,,,,,,,,,,,
1.6 - Attitudes,"1,2",B-DI,Barrier- Data Interpretation,"You you don't want people to misunderstand what the data was for. So there there need to be metadata // I use R and then I can get like a print out of what all the codes mean and everything. But then it's also trying to make sure that everybody understands the... I guess the the experiment itself, and the purpose of it, because I feel like that's always dangerous when you're sharing data. They may say, oh, there's a limitation in this data but it's like, well, that wasn't a focus. The focus was here. So I think there's just making sure interpretation of the data is done properly. And so how can I do that?",Participant expresses that a barrier to using an OS practice is that someone won't know how to correctly interpret the data and/or information shared,,,,,,,,,,,,,,,,,,,,,,,
1.6 - Attitudes,"1,2",B-F,Barrier - Fear,"and you know, as a pre- tenure assistant professor, I'm also very conscious of making sure that that I have data to publish, and making sure that I'm not just looking negative in any way to potential publishers. And unfortunately, that's just the reality of it. // I don't know if journals are on Research Gate looking for academics to sue or whatever. But I don't want to find out","Participant expresses that fear is a barrier to engage in an OS practice, fear of reprocussions (i.e., getting sued from journals)",,,,,,,,,,,,,,,,,,,,,,,
1.3 - Study components,"1,2",B-FR,Barrier - Formatting Requirements,"And for code I haven't figured out how to do that efficiently, because my code is always a slew of comments to myself that I don't necessarily want on...accessible to everyone. More just because it's very informal to me. And so there always feels like there needs to be a cleaning step which just feels unnecessary, but also necessary // So for me, I guess it's one of the things is like how to format the data, and also format the protocol in a kind of accessible way to others. I know like different labs do different things. So how to format in a way that everyone can understand.",Participant expresses that formatting requirements for data is a barrier for engaging in an OS practice.,Example: formatting data for a repository,,,,,,,,,,,,,,,,,,,,,,
"1.1 - Expectations, policies, regulations","1,2",B-I,Barrier - Institutional ,"""I can't post directly to my my like University website. It has to go through our IT team. So that's sometimes super efficient. And other times really not."" ""Well, the only barrier is what what what the University's policy is."" ""But most of the publishers want the money within like 2 weeks of acceptance, and that is just not gonna to happen with getting funds from the university that fast. So the idea is nice, but the whole, like how it pans out is not so great."" ""I tried to put up free, legal versions of previous manuscripts on my department website, but was told that I had to adhere to a particular format that didn't allow for publications to be posted on there. So, as it turns out, I wasn't able to.""",Participant describes a barrier to engaging in an OS practice that is related to rules/regulations/procedures of their institution including the IRB process ,,,,,,,,,,,,,,,,,,,,,,,
1.3 - Study components,"1,2",B-ID,Barrier - Identifiable Data,"""We have multi-modal data, including for example, video, audiom speech sample, that can be identifiable. They're They're just lot of issues that we need to deal with before uploading and the deidentifying to the best we can for data sharing."" ""I'd love to be able to share speech samples actual, you know, audio recordings? And in some institutions, one of my previous institutions that that itself is considered personally identifiable data, just the audio recordings of speech.""","A barrier to OS (e.g., open data sharing) is identifiable data, such as audio recordings",,,,,,,,,,,,,,,,,,,,,,,
1.7 - Training/Knowledge,"1,2",B-KOP,Barrier - Knowledge of Procedures,"""I don't know how to do the double-blind code because there was no way to upload it, so we just didn't include it."" ""We struggled with the actual process of putting the the protocol up on OSF.""",Opposite of F-KOP. Participant expresses that a lack of knowledge of procedures for using OS practices prevents them from using these practices including journal policies and where to self-archive or share data,,,,,,,,,,,,,,,,,,,,,,,
1.6 - Attitudes,"1,2",B-LOB,Barrier - Lack of Benefit ,"""if you don't necessarily see the benefit, then why why, invest the time in doing this.""  ""I'm not really sure what the benefits are of preregistering my study."" ""I think, prioritizing it is questionable in my mind, because it's not clear to me what the payoff is at this point for science or for my career.""","Participant expresses that they do not see much benefit, or they do not know the benefits to themselves, to using an OS practice",,,,,,,,,,,,,,,,,,,,,,,
1.5 - Personal,"1,2",B-LOC,Barrier - Lack of Confidence,"I feel like my studies aren't big enough for important enough or using the right methods to preregister. I just
maybe I just have imposter syndrome or something, but I also don't feel very confident in develop...I obviously I have a PhD. Like, I know how to sort of develop research questions, hypotheses, methods, and an analysis plan. But I I again feel very anxious putting it out there for everybody else, especially like before I'm finished with it, because I feel like I might have missed something, or it just gives me a little bit of anxiety because I still don't feel super confident.
",Participant expresses concern about engaging in OS due to lack of confidence/imposter syndrome related to their own research skills/abilities,Maybe this can also include when participants express that they feel like a lousy/bad researcher when they don't engage in an OS practice,,,,,,,,,,,,,,,,,,,,,,
1.5 - Personal,"1,2",B-LOO,Barrier - Lack of Organization,just getting yourself organized and put together like even writing the preregistration can take weeks to get yourself set up and ready to go. It's just honestly my own organizational practices are the biggest barrier for me preregistering.,Participant expresses that their organizational practices are a barrier to engaging in an OS practice.,,,,,,,,,,,,,,,,,,,,,,,
"1.1 - Expectations, policies, regulations","1,2",B-NE,Barrier - No Expectations,"So it does also have this sinking cost in in your, in your tenure track. I'm like deep in doing this right now, but like the tenure process doesn't care, they literally don't care. And so there's no incentive there whatsoever like never have I been asked about it,",Participant describing that a barrier to engaging in an OS practice is that there aren't any external expectations or requirements to do so such as a tenure committee,,,,,,,,,,,,,,,,,,,,,,,
1.6 - Attitudes,"1,2",B-PC,Barrier - Poor Credibility,"a drawback of some of these open access journals of yeah, we get the reviews very quickly. But there are a bunch of people in my department on a soap box about how these papers aren't worth anything, even if it's good science, right? Just because Frontiers, for example, yeah, it's open access. But anyone can get published there, right or whatever.","Participant beleives a barrier to open access journals is that they have poor credibility, appear to be scams, or offer a quick & dirty publication for a fee, general stigma around OA journals (E.x., predatory journal)",,,,,,,,,,,,,,,,,,,,,,,
1.4 - Inequality,"1,2",B-PD,Barrier - Power Dynamics,"But also there's just this huge power differential there. And I wouldn't be able to review for some of the people that I review for, if they knew it was me reviewing for them","Power dynamics as a barrier, e.g., senior researcher knowing who reviewed them in peer review, a reviewer rejecting work in the peer review process",,,,,,,,,,,,,,,,,,,,,,,
1.9 - Resources,"1,2",B-R,Barrier - Resources,"We don't have a really robust lab website. I don't have a personal website.  I would add that that the funding is a huge issue. Specifically, when you're not in an R rated institution right? Because we don't have research assistance. We don't have lab space. We don't have let alone, just flat out cash to pay for an open access readership","Participant expresses they have a lack of or limited resources to engage in an OS practice (e.g., money, time, storage limits, etc.)",,,,,,,,,,,,,,,,,,,,,,,
,N,B-RV,Barrier - Reviewers,"I guess I kind of have this concern. It's like a cooks in the kitchen concern. Because you never know if the reviewers that you get for your pre registration are going to be the same review as you get for your grant. And so then, when you need to go, submit your, resubmit your grant, you've now had to modify, based on two different sets of reviewer feedback.",Participant expresses that they have concerns about integrating reviewer feedback  into an OS practice (e.g. needing to edit preregistrations based on different sets of reviewers),Person who made this comment may be mixing up pre-regristration with registered reports,,,,,,,,,,,,,,,,,,,,,,
1.3 - Study components,"1,2",B-SD,Barrier - Study Design,"I do a lot of mixed methods work, and especially in the qualitative portion. I'm worried about that as well. I'm worried that you know the more my participants share, the harder it's going to be to completely de-identify them, and I don't want my participants to have to worry about you know, the what they share in the interview.",Participant describes how they perceive a part of their study design to be a barrier to adopting OS practices,,,,,,,,,,,,,,,,,,,,,,,
1.7 - Training/Knowledge,"1,2",B-TE,Barrier - Training Experience,"But this is just like not what we've been, how we've been trained, // And so I've been finding that in order to learn more, it requires a lot of self study, and then, of course, finding the time and the bandwidth to move that item up on the priority list is always so challenging, although I really value it so it's it's been a bit of a struggle personally. // Because if I'm being totally honest that, you know, because I wasn't trained, none of us were trying to do this.","Participant expresses that a barrier to engaging in an OS practice is the fact that they have no training, or were trained to NOT do an OS practice.",,,,,,,,,,,,,,,,,,,,,,,
"1.1 - Expectations, policies, regulations","1,2",B-TL,Barrier - Teaching Load,"But it's the fact that I don't have as much time and resources, being someone with a high teaching load at a very teaching focused university.",Participant expresses their large teaching load is a barrier to engaging in OS,,,,,,,,,,,,,,,,,,,,,,,
1.6 - Attitudes,"1,2",B-WR,Barrier - Waste of Resources ,"My post doc advisor. She never wanted to pay open access fees because we always had to submit everything to to NIH eventually, anyway. So she thought like, why would we spend our money on this when eventually it will be public? So I mean, that was kind of like you're going to do it, anyway. So why are we going to pay $4,000 to do it now?","Participant expresses paying OA is a waste of resources. (E.g., when NIH funded study will become public anyway)",,,,,,,,,,,,,,,,,,,,,,,
1.3 - Study components,"1,2",F-ACM,Facilitator - Accounting for Changing Methods,"Something that would help facilitate for me is is what you're allowed to say in terms of exploratory or like, you know this is like, is it a flow...Can I put a flow chart like if I have this many kids? This is what I'll do. But if I have this many, you know what I mean, and and there are things you can do like you are allowed to say those things. Like this is what I would do in this event.","Accounting for changing methods, like a participant may mention a flow chart",,,,,,,,,,,,,,,,,,,,,,,
1.6 - Attitudes,"1,2",F-B,Facilitator-Benefit,"So, I think you know one other thing is like if this was valued by institutions more, if this was something where you got, I don't know it's recognized in some way, or it was prioritized by institutions, that that would also, I think, motivate people to do this more. // No, well the thing is, the thing is, what is the benefit? The benefit is that you get stuff published no matter what the outcomes are. I think that’s XXXX. // I I can mention a benefit which is training students to think about design of the experiment in advance and to literature review to support their hypotheses. So I I use that as an opportunity to train my students how to write.",Participant describes that a facilitator to using an OS practice would be receiving a direct benefit in some way,,,,,,,,,,,,,,,,,,,,,,,
1.2 - Working with others,"1,2",F-CS,Facillitator - Collaboration/Colleague Support,"I'm working with a collaborator who is her job, she's like the Open Science librarian at the X, and so she's kind of walking me through all of it.","Participant expresses that having support from colleagues or mentors would facillitate their use of OS practices (e.g., in a working group).",,,,,,,,,,,,,,,,,,,,,,,
1.3 - Study components,"1,2",F-DC,Facilitator - Data Collection,"So I find it a good time to preregister is when you’ve collected the data, but you haven't analyzed it yet. So you like, kind of have a sense of like what your age group is, and how many kids, I work with kids. How many kids you've already recruited to participate. So, like you haven't done any of like the data cleaning or the data processing or the analyses. So you still have really sound research questions, hypotheses, and methods. But you've already kind of collected the data.",Discussing how data collection process facilitates OS practices,,,,,,,,,,,,,,,,,,,,,,,
1.3 - Study components,"1,2",F-DID,Facilitator - De-Identified Data,So like if there was a way to further de-identify the voices that were...so that it would be less identifiable. Maybe that would be something that would facilitate open data sharing.,Data is unidentifiable or has been de-identified and that facilitates OS (ex. data sharing),,,,,,,,,,,,,,,,,,,,,,,
"1.1 - Expectations, policies, regulations","1,2",F-E,Facilitator- Expectation,"So, if it were something that became an expectation within my department or college or university. That would be motivating","Opposite of B-NE. Participant describes that a facilitator to using an OS practice would be their department/university having expectations for them to do it (e.g., for tenure/promotion)",,,,,,,,,,,,,,,,,,,,,,,
1.9 - Resources,"1,2",F-ETU,Facilitator - Easy To Use,"I guess all of the data sharing I've done so far has been on osf.io. That website. I know that there are other websites that can be used, and I'm kind of not sure what...There are many options, and so I think I just kind of chose this one because it was free and easy to use.",Participant expresses that they used an OS practice because it was easy to use,,,,,,,,,,,,,,,,,,,,,,,
1.7 - Training/Knowledge,"1,2",F-KOP,Facilitator - Knowledge of Procedures,"I know a lot of grant applications these days do require you to have some kind of data management policy, particularly with the focus on open data and data sharing. So I think just a better maybe understanding of what the...you know, what's required in terms of the the funders and grantors. And what what kind of data they want us to share, and where they'd like us to share it.","Participant expresses that knowing what is required for an OS practice would help them engage in OS practices (e.g. knowing grant/funding policies for sharing data, where to share data) ",,,,,,,,,,,,,,,,,,,,,,,
"1.1 - Expectations, policies, regulations","1,2",F-NIH,Facilitator - NIH,"Well, I think the NIH is changing to require data sharing, so I think that'll be a good facilitator. Anyone who has funding will be forced to.","NIH policies (e.g., new rules for data sharing) actively facilitate OS",,,,,,,,,,,,,,,,,,,,,,,
1.4 - Inequality,"1,2",F-PW,Facilitator- Power,"The main imaging group that I work with at [university] is really big, and I think they have the power to...I wouldn't say like overcome the IRB, but I think they have the power to request more lenient rules from them, then the rest of us do. And so then we're all able to kind of slide it under that, using their platform which is nice, especially for MRIs. De-identified MRIs.",Participant expresses that a power dynamic may allow them to engage in an OS practice,,,,,,,,,,,,,,,,,,,,,,,
1.9 - Resources,"1,2",F-R,Facillitator-Resources,"And then resources like CSDisseminate, and our librarians.","Pariticpant expresses that having additional resources (institutional or non-institutional) helps/would help them engage in OS practices (e.g., students, time, money, templates, central resource to learn about OS)",,,,,,,,,,,,,,,,,,,,,,,
,N,F-RV,Facilitator - Reviews,"If if pre registration was a surefire way to get feedback from either from peer reviewers or from, you know, maybe not formal peer review","Participant expresses a facilitator for using OS practices (particularly PR) would be if it was a ""surefire"" way to get peer reviews.",,,,,,,,,,,,,,,,,,,,,,,
1.3 - Study components,"1,2",F-SD,Facillitator - Study Design,"Ok, I was just gonna say I think I often do is I keep doing studies that are quite different from ones I've done previously, which is, I suppose, good on some levels, but on an another, I think if I was doing a study that was very similar with similar methods. Similar population. You know, and I knew kind of I could kind of predict like, yes, I'll easily be able to get these participants, and so on. I think I'd be more likely if it was just really similar to something I'd done previously. I'd be more likely to be comfortable pre-registering something just kind of having walked through the analysis, having some knowledge of what you know that I've gotten through those barriers that would be concerning.","Opposite of B-SD. Participant expresses how their study design may lend itsself to engaging in an OS practice. Like they're super familiar with their study desgin, which increases their comfort with preregistering their study",,,,,,,,,,,,,,,,,,,,,,,
1.7 - Training/Knowledge,"1,2",F-TE,Facilitator - Training Experience,"what would facilitate it would be training, I need to learn what's allowed, what you can say, the CSDisseminate workshop was extremely helpful",Discussing how training in OS practices would facilitate adoption of them,,,,,,,,,,,,,,,,,,,,,,,
1.4 - Inequality,"1,2",IE-OA,Inequitable - Open Access,"defeats the purpose of open access...supposed to be for everyone...more transparent and diversified research enviornment...when it's paid for, limits who can participate and type of research being published, cost is pretty inequitable, basically punishing us by making us pay for something that we already don't get any monetary gain from, why do we still have to pay? Doesn't accomplish the spirit of open access science, huge barrier for us who are all early in our career, ethically ambiguous, encourages a lot of big labs to get more views than little labs, we already sell our figures and our text to publishers, I'm uncomfortable with the current ethics of it",Participant expresses that the process of open access is inequitable for researchers,,,,,,,,,,,,,,,,,,,,,,,
1.3 - Study components,"1,2",P-OD,Permission - Open Data,"getting participant consent, having the mechinisms in place can be a barrier, trying to figure out what I'm allowed to post and share and what I should keep private, haven't asked for permission to post their voice recordings, knowing if it's ok to post the identified data publicly, a place where they can consent to their data being made publicly available, whether it's a violation of people's consent, gray area where we aren't quite sure what to do, trying to be more explicit",Discussing permission from participants to share their data,,,,,,,,,,,,,,,,,,,,,,,
1.3 - Study components,"1,2",P-SA,Permission - Self-archiving,I need to get consent from the other authors,"Discussion permission from coauthors to self-archive, may later include others in this definition...",,,,,,,,,,,,,,,,,,,,,,,
4.1 - Career,4,CI-A,Career Impact - Advantage,"I find it a huge advantage because it really gets you set up and ready to go, it would actually help recruitment, the more your research seems applicable and interesting to clinicians the more likely they are to refer to you, a lot of benefits to making raw data accessible in our field, more access we have to larger data sets, we can ask bigger questions and make broader generalizations, it seems enticing because they usually get published faster",Participant believes that engaging in an OS practices gives them an advantage to doing their research,,,,,,,,,,,,,,,,,,,,,,,
4.1 - Career,4,CI-C,Carrier Impact-(Increased) Confidence,it gives me confidence,Participant expresses that using OS practices increases their confidence in their research,,,,,,,,,,,,,,,,,,,,,,,
4.1 - Career,4,CI-FC,Career Impacts - Find Collaborators,"a way to find out what other people are doing and vice versa, might be a good way to find collaborators and expand what you're looking at and who you're working with, building community is a big one, it gets us out of our silos, allows us to be more collaborative, allows for more interdisciplinary practices, demonstrating your willingness to work with others, I've had a ton more collaboration since starting open science, organically made more collaborations happen for us",Participant expresses OS practice(s) help them increase the number of collaborators they work with.,,,,,,,,,,,,,,,,,,,,,,,
4.1 - Career,4,CI-LA,Career Impacts - Larger Audience,"publishing open access just by definition means you have a bigger audience, getting my name out there and letting people see what I've done, becoming a name in the field, I want other people to read it, more people can cite your work...kind of boosts those scores for those institutions that are looking for you to have a broad reach, more people able to access my work and having it be easily accessible has meant that my open access papers are cited more frequently",Participant expresses OS practices will make them more known to stakeholders and community member (e.g. getting their name out there),,,,,,,,,,,,,,,,,,,,,,,
4.1 - Career,4,CI-MC,Career Impact - More Citations,"I'd probably get more citations, more people can cite your work, my open access papers are cited more frequently","OS will get them more citations (e.g., if articles were published OA)",,,,,,,,,,,,,,,,,,,,,,,
4.4 - Improving the Research Process,4,CI-MR,Career Impact - More Research,"facilitate secondary data analyses, help cut down on redundancy of research groups doing the same kind of work, all us to focus more on the actual research, would have helped me in taking up projects that conceptually make sense to me but not really have matlab skills or python skills to run the protocols, I've had a ton more collaboration since starting open science, it's just organically made more collaborations happen for us",Participant expresses that OS practices would allow them to conduct and/or publish more research,E.g. secondary data analysis,,,,,,,,,,,,,,,,,,,,,,
4.4 - Improving the Research Process,4,CI-MT,Career Impact - More Time,giving me more time for research,"Participant mentioned that OS would give them more time for other activities, including research",,,,,,,,,,,,,,,,,,,,,,,
4.1 - Career,4,CI-PT,Career Impact - Promotion & Tenure,"secondary data analysis...would be really helpful for me to grow as a professional...make tenure and all those types of things, if there was a way to access data or make these connections with secondary analyses...maybe not early tenure but at least tenure, it would make it easier for some of us to get tenure, for some it might help with the tenure process",Adopting OS will make it easier to get tenure,,,,,,,,,,,,,,,,,,,,,,,
4.1 - Career,4,CI-R,Career Impact- Reputation,I've had invitations to give talks through that,"Adopting OS will help them establish their reputation in the field, establish a name for themselves",,,,,,,,,,,,,,,,,,,,,,,
4.3 - Quality of Research,4,CI-RR,Career Impact - Research Reproducibility,increase the reproducibility of my own research,Participant expresses that OS has the potential to increase their research reproducibility of THEIR work.,,,,,,,,,,,,,,,,,,,,,,,
4.2 - Impact on Others,4,CI-SR,Career Impacts - Support Research,"work is readily accessible to the people directly affected by it...influences their perception of you...influences their willingess to support your future research, potentially help people to have more faith in the type of research that I'm doing and view me as a stronger researcher, the more that your research seems applicable and interesting to clinicians, the more likely they are to refer to you","Participant expresses that adopting OS practices would make others more likely to support their research (e.g., participants in the community)",another example: people have more faith in the researcher,,,,,,,,,,,,,,,,,,,,,,
4.3 - Quality of Research,4,IOS-A,Impact of OS - Increased Accessibility,"increases the accesibility of science, make it accessible to clinicians and the community, having it clear that these things can be accessed, I'm under the impression, at least for my students, that they don't know they can access AJSLP or JSLHR, it's better for everything to be accessible to everyone",Participant expresses that os may make research more accessible,,,,,,,,,,,,,,,,,,,,,,,
4.2 - Impact on Others,4,IOS-CB,Impact of OS - Consumer Benefits,"being a consumer specifically of code has been really, really useful for me, I've benefited from other people posting their things online, it is nice to see how it's helped me, looked at other people's code and taken pieces of code",Participant expresses that being a consumer of OS practices (downloading someones code or stimuli) has been very beneficial to their research practices.,,,,,,,,,,,,,,,,,,,,,,,
4.1 - Career,4,IOS-D,Impact of OS - Doubt/doubtful,"I wonder what effect does it have if other people publish something using your data set, what is the impact of it? Is it going to positively affect your tenure evaluation? I have no idea, I wonder how many more people my article would reach if it were gold open access","Participant expresses doubt of the impact of OS, seems wary of if OS would have a positive effect",,,,,,,,,,,,,,,,,,,,,,,
4.2 - Impact on Others,4,IOS-IC,Impact of OS - Impact on Community,"the more that your research seems applicable and interesting to clinicians, the more likely they are to refer to you, make it accessible to clinicians and the community","Participant expresses that OS practices has a positive impact on stakeholders in the community, such as more support for the research (e.g., participants)",,,,,,,,,,,,,,,,,,,,,,,
4.2 - Impact on Others,4,IOS-LF,Impact of OS - Legitimize Field,"it would legitimize us, it would make people recognize this field as a scientific field of study",Participant describes how using OS practices might legitimize our field and increase recognition of CSD as a scientific field,,,,,,,,,,,,,,,,,,,,,,,
4.4 - Improving the Research Process,4,IOS-LS,Impact of OS - Larger Sample,"see that across studies...this is a consistent finding, especially like in clinical finding, easier to combine results from different studies to answer different questions than we could answer individually in our little silos, create like a larger database so that I can help answer some of the questions I can't answer, use data from other researchers to help bolster our numbers, small n's, if you could pull from multiple data sets, it would be easier to generalize findings to clinic ",Participant discusses that having more accessible data can increase sample size that you are working with which in turn increases the study power (esp. if used to working with small n),,,,,,,,,,,,,,,,,,,,,,,
4.4 - Improving the Research Process,4,IOS-MA,Impact of OS - Meta-Analysis,"it would make meta analyses easier to do, combined a lot of studies together...start getting clearer answers to some of the questions that would help clinicians",Meta analyses are easier to conduct with easier access to data/research,,,,,,,,,,,,,,,,,,,,,,,
4.3 - Quality of Research,4,IOS-RA,Impact of OS - Researcher Accountability,"making people accountable for some of the harmful and abusive and uniformed things that they say, post this for people to see which I think is a good thing...maybe makes us a little bit more accountable...knowing people are going to look at this","Participant expresses that OS practices would help increase the researcher's accountability (e.g., comments made during OPR or researcher holding themselves more accountable due to engaging in OS practice)",,,,,,,,,,,,,,,,,,,,,,,
4.3 - Quality of Research,4,IOS-RB,Impact of OS - Reduce Bias,ideally less bias...it's not just research coming from these huge well-funded labs...it would be nice to reduce the bias and actually make the evidence wide reaching,"Participant beleives OS has the potential to reduce bias in research (e.g., make everyones research accessible, not just the research from well funded labs, which have historically been white male led)",,,,,,,,,,,,,,,,,,,,,,,
4.2 - Impact on Others,4,IOS-RPG,Impact of OS - Research to Practice Gap,"helps reduce the research-to-practice gap because students are practicing with real cases, get it out there faster, research getting to practice more quickly as clinicians could locate things without cost, facilitate the research-to-practice pipeline...pull from multiple data sets it would be easier to generalize your findings to clinic, having protocols available that can be implemented in clinical practice...lead to more research and more translation from the academy to the clinic",Closing the RPG using OS,,,,,,,,,,,,,,,,,,,,,,,
4.3 - Quality of Research,4,IOS-RR,Impact of OS - Research Replication,"replication from different labs to see if things are actually working, increases replicability of science, facilitate a lot of replication studies, different population of same population that replicate those results, make the research more reproducible, code is gonna be more reproducible...you really had to think about presenting it to another audience to look at and use",Participant expresses that replication of research is an impact of OS.,,,,,,,,,,,,,,,,,,,,,,,
4.2 - Impact on Others,4,IOS-SIR,Impact of OS - Student interest in research,"getting students interested in and acclimated to research, showing them it doesn't have to be this scary process, I think it might have recruited more of my classmates into research",Participant expresses that using OS practices can increase student interest in research and the research process,,,,,,,,,,,,,,,,,,,,,,,
4.4 - Improving the Research Process,4,IOS-ST,Impact of OS - Saves Time,this saves us time right...you come up with what you're going to do and you know,Participants expresses that using an OS practice(s) saves time in the research process,,,,,,,,,,,,,,,,,,,,,,,
4.1 - Career,4,IOS-T,Impact of OS - Teaching,"I use some some researchers who have put their their research data on online as a teaching tool like for case studies. So you know, it gives me access to better better teaching cases.","OS can have an impact on teaching (e.g., easier access to case studies)",,,,,,,,,,,,,,,,,,,,,,,
4.3 - Quality of Research,4,IOS-Tr,Impact of OS - Transparency,"I am trying to be more transparent about my work, and like using like posting protocols and trying to publish open access when possible.",Participant describes how adopting an OS practice would increase transparency into the research process,,,,,,,,,,,,,,,,,,,,,,,
3.2 - Independent Learning,3,LP-A,Learning Preferences - Accessible,You know something I can do on my own time.,"Something they can access whenever they want or that it can be done on their own time, own pacing",,,,,,,,,,,,,,,,,,,,,,,
3.1 - Information,3,LP-C,Learning Preference - Content,And so also create the education around. What types of pre registrations out there. When is it a good time to pre register to kind of help with some of those barriers.,Participant details specific content to include in OS training,,,,,,,,,,,,,,,,,,,,,,,
3.3 - Learning with Peers,3,LP-CP,Learning Preference - Conference Presentation,"And I think I heard some of you mentioned earlier that you had some training at different conferences. And so I think that might be a time. If there's conferences that I don't know if ASHA is like too big or something. But if if there was a similar talk that could be taken to some of the, you know, smaller interest conferences. If we're already there and kind of an attending audience, then better chance that the information is taken in.","Participant wants to learn about OS practices via a conference presentation (e.g., ASHA)",,,,,,,,,,,,,,,,,,,,,,,
3.2 - Independent Learning,3,LP-H ,Learning Preferences - Handouts ,I was thinking handouts,"Participant wants to learn about OS through handouts. Handouts include digital and physical copies of information, including but not limited to, written information and infographics",,,,,,,,,,,,,,,,,,,,,,,
3.3 - Learning with Peers,3,LP-HA,Learning Preference - Hold Accountable,"Or I need like a working group where I'm accountable. Youtube is not gonna hold me accountable to like that open access, resource or something","Participant expresses they want someone to hold them accountable while learning about OS, such as a working group",can also be part of the interactive code,,,,,,,,,,,,,,,,,,,,,,
3.3 - Learning with Peers,3,LP-I,Learning Preference - Interactive,"I agree that I that I think webinars are really interactive. You know, interactive webinars are really nice.",Participant wants to learn about OS via an interactive medium where they can ask questions,needs to say interactive or engaging with others in some way,,,,,,,,,,,,,,,,,,,,,,
3.3 - Learning with Peers,3,LP-MS,Learning Preference - Mentor Support,would like to have a mentor to support them,Participant expresses that they would like to have a mentor to support them learning an OS practice,No phrases had that code (Mariam),,,,,,,,,,,,,,,,,,,,,,
3.1 - Information,3,LP-P,Learning Preference - Procedure,"knowing how to navigate those issues would be helpful for me to know, kind of like the best place to start, and then the best way to move forward with it","Participant wants a procedure, detailing step-by-step instructions of how to engage in an OS practice",,,,,,,,,,,,,,,,,,,,,,,
3.3 - Learning with Peers,3,LP-PC,Learning Preference - Point of Contact,"But if a group like CSDisseminate, or something like that had like a contact person like. If there were a person that you could reach out to with a question.",Participant describes wanting a person or an email to go to to ask their OS questions,,,,,,,,,,,,,,,,,,,,,,,
3.1 - Information,3,LP-PPOV,Learning Preference - Publisher Point of View,be helpful to hear it from the publisher's point of view.,Participant mentioned they want to hear a person from the publisher/journal express what they are allowed/not allowed to do.,"This may be expanded later to include other ""sources""",,,,,,,,,,,,,,,,,,,,,,
3.2 - Independent Learning,3,LP-S,Learning Preferences - Short,"I think things like cheat sheets are really useful, like brief handouts",Participant wants to learn about OS through something short (ex. handout),,,,,,,,,,,,,,,,,,,,,,,
3.2 - Independent Learning,3,LP-V,Learning Preferences - Videos,"Prerecorded, YouTube video, that would be helpful",Participant wants to learn about OS through videos,,,,,,,,,,,,,,,,,,,,,,,
3.3 - Learning with Peers,3,LP-W,Learning Preference - Workshop or Webinar,"I would always say interactive something that's, some kind of workshop that's interactive",Participant wants to learn about OS practices via a workshop or webinar,,,,,,,,,,,,,,,,,,,,,,,
3.2 - Independent Learning,3,LP-Web,Learning Preference - Website,And even like a website. That would kind of be a resource for for a lot of these things.,Participant wants to learn about OS practices via a website that would be updated and a go-to spot for information,,,,,,,,,,,,,,,,,,,,,,,
3.3 - Learning with Peers,3,LP-WG,Learning Preference - Working Group,"But then have a space to come to where we're working through something and we're stuck. So maybe it's, you know. Maybe you have a project that you're working on from the ground up.",Participant expresses that they would like a working group or cohort group to discuss problems and solutions for implementing OS in their research workflow.,,,,,,,,,,,,,,,,,,,,,,,
3.1 - Information,3,WTL-IP,Want to Learn - Institutional procedures,"But I would really, really love a talk through on each of those topics. That's specific to my institution.",Participant expresses wanting to learn about their institution's specific OS procedures,,,,,,,,,,,,,,,,,,,,,,,
3.1 - Information,3,WTL-IRB,Want to Learn - IRB,"from the IRB perspective, just knowing if it's okay to post the identified data publicly. If I didn't explicitly, write that in the IRB.",Participant expresses wanting to learn their institution's IRB procedures,,,,,,,,,,,,,,,,,,,,,,,
3.1 - Information,3,WTL-OA,Want to Learn - Open Access,"I'm curious about like how to kind of manage the cost of publishing open access. Because typically, just to publish doesn't cost anything but making it open access adds a cost. So, I don't know if my university would be willing to cover that.",Participant expresses wanting to learn about open access,,,,,,,,,,,,,,,,,,,,,,,
3.1 - Information,3,WTL-OD,Want to Learn - Open Data,"And then I'm really interested in in open data. I mean, I think a lot of us in our field deal with small ns. And so how to to use data from other researchers to help bolster our numbers.","Participant wants to learn about open data. How to do it, how to work with the IRB to approve it, where to share it, etc.",,,,,,,,,,,,,,,,,,,,,,,
3.1 - Information,3,WTL-OER,Want to Learn - Open Educational Resources,I think that pre-registration and open educational resources would be the ones I'd be really most most interested in.,Participant expresses wanting to learn about open educational resources,,,,,,,,,,,,,,,,,,,,,,,
3.1 - Information,3,WTL-OPR,Want to Learn - Open Peer Review,"Also interested in learning more about the open peer review and educational resources, neither of which are super familiar to me.",Participant wants to learn about open peer review process,,,,,,,,,,,,,,,,,,,,,,,
3.1 - Information,3,WTL-OS,Want to Learn - Open Science,"I also know that I have a lot to learn about open science and want to improve those practices. So I feel like I think I do more than I realize, but I I consider myself as being new to this area, and wanting to learn and grow and figure out how to do it better.",Participant expressed that they want to learn about all open science practices or didn't specifiy specific practices,,,,,,,,,,,,,,,,,,,,,,,
3.1 - Information,3,WTL-OSW,Want to learn- open science workflow,"how to make your practices efficient and work for because it does just feel, I mean, at least at this point for me feels like this extra big step that is like, how do I even do this with everything else going on?",Participant expresses wanting to learn more about how to build open science practices into their workflow,,,,,,,,,,,,,,,,,,,,,,,
3.1 - Information,3,WTL-PR,Want to Learn - Preregistration,I would love to to learn more about pre-registration,"Participant wants to learn about preregistrations, where to register them, how, etc.",,,,,,,,,,,,,,,,,,,,,,,
3.1 - Information,3,WTL-SA,Want to Learn - Self-Archiving,"in terms of self archiving. So I've done preprints before, but I'm always sort of unclear about okay. Once that actually gets accepted and published. What do I do with the preprint? Do I leave it up? Do I update it? Do I take it down? I don't know.",Partiicpant wants to learn about self archiving,,,,,,,,,,,,,,,,,,,,,,,
,,,,,,,,,,,,,,,,,,,,,,,,,,,,
,,,,,,,,,,,,,,,,,,,,,,,,,,,,
,,,,,,,,,,,,,,,,,,,,,,,,,,,,
,,,,,,,,,,,,,,,,,,,,,,,,,,,,
,,,,,,,,,,,,,,,,,,,,,,,,,,,,
,,,,,,,,,,,,,,,,,,,,,,,,,,,,
,,,,,,,,,,,,,,,,,,,,,,,,,,,,
,,,,,,,,,,,,,,,,,,,,,,,,,,,,
,,,,,,,,,,,,,,,,,,,,,,,,,,,,
,,,,,,,,,,,,,,,,,,,,,,,,,,,,
,,,,,,,,,,,,,,,,,,,,,,,,,,,,
,,,,,,,,,,,,,,,,,,,,,,,,,,,,
,,,,,,,,,,,,,,,,,,,,,,,,,,,,
,,,,,,,,,,,,,,,,,,,,,,,,,,,,
,,,,,,,,,,,,,,,,,,,,,,,,,,,,
,,,,,,,,,,,,,,,,,,,,,,,,,,,,
,,,,,,,,,,,,,,,,,,,,,,,,,,,,
,,,,,,,,,,,,,,,,,,,,,,,,,,,,
,,,,,,,,,,,,,,,,,,,,,,,,,,,,
,,,,,,,,,,,,,,,,,,,,,,,,,,,,
,,,,,,,,,,,,,,,,,,,,,,,,,,,,
,,,,,,,,,,,,,,,,,,,,,,,,,,,,
,,,,,,,,,,,,,,,,,,,,,,,,,,,,
,,,,,,,,,,,,,,,,,,,,,,,,,,,,
,,,,,,,,,,,,,,,,,,,,,,,,,,,,
,,,,,,,,,,,,,,,,,,,,,,,,,,,,
,,,,,,,,,,,,,,,,,,,,,,,,,,,,
,,,,,,,,,,,,,,,,,,,,,,,,,,,,
,,,,,,,,,,,,,,,,,,,,,,,,,,,,
,,,,,,,,,,,,,,,,,,,,,,,,,,,,
,,,,,,,,,,,,,,,,,,,,,,,,,,,,
,,,,,,,,,,,,,,,,,,,,,,,,,,,,
,,,,,,,,,,,,,,,,,,,,,,,,,,,,
,,,,,,,,,,,,,,,,,,,,,,,,,,,,
,,,,,,,,,,,,,,,,,,,,,,,,,,,,
,,,,,,,,,,,,,,,,,,,,,,,,,,,,
,,,,,,,,,,,,,,,,,,,,,,,,,,,,
,,,,,,,,,,,,,,,,,,,,,,,,,,,,
,,,,,,,,,,,,,,,,,,,,,,,,,,,,
,,,,,,,,,,,,,,,,,,,,,,,,,,,,
,,,,,,,,,,,,,,,,,,,,,,,,,,,,
,,,,,,,,,,,,,,,,,,,,,,,,,,,,
,,,,,,,,,,,,,,,,,,,,,,,,,,,,
,,,,,,,,,,,,,,,,,,,,,,,,,,,,
,,,,,,,,,,,,,,,,,,,,,,,,,,,,
,,,,,,,,,,,,,,,,,,,,,,,,,,,,
,,,,,,,,,,,,,,,,,,,,,,,,,,,,
,,,,,,,,,,,,,,,,,,,,,,,,,,,,
,,,,,,,,,,,,,,,,,,,,,,,,,,,,
,,,,,,,,,,,,,,,,,,,,,,,,,,,,
,,,,,,,,,,,,,,,,,,,,,,,,,,,,
,,,,,,,,,,,,,,,,,,,,,,,,,,,,
,,,,,,,,,,,,,,,,,,,,,,,,,,,,
,,,,,,,,,,,,,,,,,,,,,,,,,,,,
,,,,,,,,,,,,,,,,,,,,,,,,,,,,
,,,,,,,,,,,,,,,,,,,,,,,,,,,,
,,,,,,,,,,,,,,,,,,,,,,,,,,,,
,,,,,,,,,,,,,,,,,,,,,,,,,,,,
,,,,,,,,,,,,,,,,,,,,,,,,,,,,
,,,,,,,,,,,,,,,,,,,,,,,,,,,,
,,,,,,,,,,,,,,,,,,,,,,,,,,,,
,,,,,,,,,,,,,,,,,,,,,,,,,,,,
,,,,,,,,,,,,,,,,,,,,,,,,,,,,
,,,,,,,,,,,,,,,,,,,,,,,,,,,,
,,,,,,,,,,,,,,,,,,,,,,,,,,,,
,,,,,,,,,,,,,,,,,,,,,,,,,,,,
,,,,,,,,,,,,,,,,,,,,,,,,,,,,
,,,,,,,,,,,,,,,,,,,,,,,,,,,,
,,,,,,,,,,,,,,,,,,,,,,,,,,,,
,,,,,,,,,,,,,,,,,,,,,,,,,,,,
,,,,,,,,,,,,,,,,,,,,,,,,,,,,
,,,,,,,,,,,,,,,,,,,,,,,,,,,,
,,,,,,,,,,,,,,,,,,,,,,,,,,,,
,,,,,,,,,,,,,,,,,,,,,,,,,,,,
,,,,,,,,,,,,,,,,,,,,,,,,,,,,
,,,,,,,,,,,,,,,,,,,,,,,,,,,,
,,,,,,,,,,,,,,,,,,,,,,,,,,,,
,,,,,,,,,,,,,,,,,,,,,,,,,,,,
,,,,,,,,,,,,,,,,,,,,,,,,,,,,
,,,,,,,,,,,,,,,,,,,,,,,,,,,,
,,,,,,,,,,,,,,,,,,,,,,,,,,,,
,,,,,,,,,,,,,,,,,,,,,,,,,,,,
,,,,,,,,,,,,,,,,,,,,,,,,,,,,
,,,,,,,,,,,,,,,,,,,,,,,,,,,,
,,,,,,,,,,,,,,,,,,,,,,,,,,,,
,,,,,,,,,,,,,,,,,,,,,,,,,,,,
,,,,,,,,,,,,,,,,,,,,,,,,,,,,
,,,,,,,,,,,,,,,,,,,,,,,,,,,,
,,,,,,,,,,,,,,,,,,,,,,,,,,,,
,,,,,,,,,,,,,,,,,,,,,,,,,,,,
,,,,,,,,,,,,,,,,,,,,,,,,,,,,
,,,,,,,,,,,,,,,,,,,,,,,,,,,,
,,,,,,,,,,,,,,,,,,,,,,,,,,,,
,,,,,,,,,,,,,,,,,,,,,,,,,,,,
,,,,,,,,,,,,,,,,,,,,,,,,,,,,
,,,,,,,,,,,,,,,,,,,,,,,,,,,,
,,,,,,,,,,,,,,,,,,,,,,,,,,,,
,,,,,,,,,,,,,,,,,,,,,,,,,,,,
,,,,,,,,,,,,,,,,,,,,,,,,,,,,
,,,,,,,,,,,,,,,,,,,,,,,,,,,,
,,,,,,,,,,,,,,,,,,,,,,,,,,,,
,,,,,,,,,,,,,,,,,,,,,,,,,,,,
,,,,,,,,,,,,,,,,,,,,,,,,,,,,
,,,,,,,,,,,,,,,,,,,,,,,,,,,,
,,,,,,,,,,,,,,,,,,,,,,,,,,,,
,,,,,,,,,,,,,,,,,,,,,,,,,,,,
,,,,,,,,,,,,,,,,,,,,,,,,,,,,
,,,,,,,,,,,,,,,,,,,,,,,,,,,,
,,,,,,,,,,,,,,,,,,,,,,,,,,,,
,,,,,,,,,,,,,,,,,,,,,,,,,,,,
,,,,,,,,,,,,,,,,,,,,,,,,,,,,
,,,,,,,,,,,,,,,,,,,,,,,,,,,,
,,,,,,,,,,,,,,,,,,,,,,,,,,,,
,,,,,,,,,,,,,,,,,,,,,,,,,,,,
,,,,,,,,,,,,,,,,,,,,,,,,,,,,
,,,,,,,,,,,,,,,,,,,,,,,,,,,,
,,,,,,,,,,,,,,,,,,,,,,,,,,,,
,,,,,,,,,,,,,,,,,,,,,,,,,,,,
,,,,,,,,,,,,,,,,,,,,,,,,,,,,
,,,,,,,,,,,,,,,,,,,,,,,,,,,,
,,,,,,,,,,,,,,,,,,,,,,,,,,,,
,,,,,,,,,,,,,,,,,,,,,,,,,,,,
,,,,,,,,,,,,,,,,,,,,,,,,,,,,
,,,,,,,,,,,,,,,,,,,,,,,,,,,,
,,,,,,,,,,,,,,,,,,,,,,,,,,,,
,,,,,,,,,,,,,,,,,,,,,,,,,,,,
,,,,,,,,,,,,,,,,,,,,,,,,,,,,
,,,,,,,,,,,,,,,,,,,,,,,,,,,,
,,,,,,,,,,,,,,,,,,,,,,,,,,,,
,,,,,,,,,,,,,,,,,,,,,,,,,,,,
,,,,,,,,,,,,,,,,,,,,,,,,,,,,
,,,,,,,,,,,,,,,,,,,,,,,,,,,,
,,,,,,,,,,,,,,,,,,,,,,,,,,,,
,,,,,,,,,,,,,,,,,,,,,,,,,,,,
,,,,,,,,,,,,,,,,,,,,,,,,,,,,
,,,,,,,,,,,,,,,,,,,,,,,,,,,,
,,,,,,,,,,,,,,,,,,,,,,,,,,,,
,,,,,,,,,,,,,,,,,,,,,,,,,,,,
,,,,,,,,,,,,,,,,,,,,,,,,,,,,
,,,,,,,,,,,,,,,,,,,,,,,,,,,,
,,,,,,,,,,,,,,,,,,,,,,,,,,,,
,,,,,,,,,,,,,,,,,,,,,,,,,,,,
,,,,,,,,,,,,,,,,,,,,,,,,,,,,
,,,,,,,,,,,,,,,,,,,,,,,,,,,,
,,,,,,,,,,,,,,,,,,,,,,,,,,,,
,,,,,,,,,,,,,,,,,,,,,,,,,,,,
,,,,,,,,,,,,,,,,,,,,,,,,,,,,
,,,,,,,,,,,,,,,,,,,,,,,,,,,,
,,,,,,,,,,,,,,,,,,,,,,,,,,,,
,,,,,,,,,,,,,,,,,,,,,,,,,,,,
,,,,,,,,,,,,,,,,,,,,,,,,,,,,
,,,,,,,,,,,,,,,,,,,,,,,,,,,,
,,,,,,,,,,,,,,,,,,,,,,,,,,,,
,,,,,,,,,,,,,,,,,,,,,,,,,,,,
,,,,,,,,,,,,,,,,,,,,,,,,,,,,
,,,,,,,,,,,,,,,,,,,,,,,,,,,,
,,,,,,,,,,,,,,,,,,,,,,,,,,,,
,,,,,,,,,,,,,,,,,,,,,,,,,,,,
,,,,,,,,,,,,,,,,,,,,,,,,,,,,
,,,,,,,,,,,,,,,,,,,,,,,,,,,,
,,,,,,,,,,,,,,,,,,,,,,,,,,,,
,,,,,,,,,,,,,,,,,,,,,,,,,,,,
,,,,,,,,,,,,,,,,,,,,,,,,,,,,
,,,,,,,,,,,,,,,,,,,,,,,,,,,,
,,,,,,,,,,,,,,,,,,,,,,,,,,,,
,,,,,,,,,,,,,,,,,,,,,,,,,,,,
,,,,,,,,,,,,,,,,,,,,,,,,,,,,
,,,,,,,,,,,,,,,,,,,,,,,,,,,,
,,,,,,,,,,,,,,,,,,,,,,,,,,,,
,,,,,,,,,,,,,,,,,,,,,,,,,,,,
,,,,,,,,,,,,,,,,,,,,,,,,,,,,
,,,,,,,,,,,,,,,,,,,,,,,,,,,,
,,,,,,,,,,,,,,,,,,,,,,,,,,,,
,,,,,,,,,,,,,,,,,,,,,,,,,,,,
,,,,,,,,,,,,,,,,,,,,,,,,,,,,
,,,,,,,,,,,,,,,,,,,,,,,,,,,,
,,,,,,,,,,,,,,,,,,,,,,,,,,,,
,,,,,,,,,,,,,,,,,,,,,,,,,,,,
,,,,,,,,,,,,,,,,,,,,,,,,,,,,
,,,,,,,,,,,,,,,,,,,,,,,,,,,,
,,,,,,,,,,,,,,,,,,,,,,,,,,,,
,,,,,,,,,,,,,,,,,,,,,,,,,,,,
,,,,,,,,,,,,,,,,,,,,,,,,,,,,
,,,,,,,,,,,,,,,,,,,,,,,,,,,,
,,,,,,,,,,,,,,,,,,,,,,,,,,,,
,,,,,,,,,,,,,,,,,,,,,,,,,,,,
,,,,,,,,,,,,,,,,,,,,,,,,,,,,
,,,,,,,,,,,,,,,,,,,,,,,,,,,,
,,,,,,,,,,,,,,,,,,,,,,,,,,,,
,,,,,,,,,,,,,,,,,,,,,,,,,,,,
,,,,,,,,,,,,,,,,,,,,,,,,,,,,
,,,,,,,,,,,,,,,,,,,,,,,,,,,,
,,,,,,,,,,,,,,,,,,,,,,,,,,,,
,,,,,,,,,,,,,,,,,,,,,,,,,,,,
,,,,,,,,,,,,,,,,,,,,,,,,,,,,
,,,,,,,,,,,,,,,,,,,,,,,,,,,,
,,,,,,,,,,,,,,,,,,,,,,,,,,,,
,,,,,,,,,,,,,,,,,,,,,,,,,,,,
,,,,,,,,,,,,,,,,,,,,,,,,,,,,
,,,,,,,,,,,,,,,,,,,,,,,,,,,,
,,,,,,,,,,,,,,,,,,,,,,,,,,,,
,,,,,,,,,,,,,,,,,,,,,,,,,,,,
,,,,,,,,,,,,,,,,,,,,,,,,,,,,
,,,,,,,,,,,,,,,,,,,,,,,,,,,,
,,,,,,,,,,,,,,,,,,,,,,,,,,,,
,,,,,,,,,,,,,,,,,,,,,,,,,,,,
,,,,,,,,,,,,,,,,,,,,,,,,,,,,
,,,,,,,,,,,,,,,,,,,,,,,,,,,,
,,,,,,,,,,,,,,,,,,,,,,,,,,,,
,,,,,,,,,,,,,,,,,,,,,,,,,,,,
,,,,,,,,,,,,,,,,,,,,,,,,,,,,
,,,,,,,,,,,,,,,,,,,,,,,,,,,,
,,,,,,,,,,,,,,,,,,,,,,,,,,,,
,,,,,,,,,,,,,,,,,,,,,,,,,,,,
,,,,,,,,,,,,,,,,,,,,,,,,,,,,
,,,,,,,,,,,,,,,,,,,,,,,,,,,,
,,,,,,,,,,,,,,,,,,,,,,,,,,,,
,,,,,,,,,,,,,,,,,,,,,,,,,,,,
,,,,,,,,,,,,,,,,,,,,,,,,,,,,
,,,,,,,,,,,,,,,,,,,,,,,,,,,,
,,,,,,,,,,,,,,,,,,,,,,,,,,,,
,,,,,,,,,,,,,,,,,,,,,,,,,,,,
,,,,,,,,,,,,,,,,,,,,,,,,,,,,
,,,,,,,,,,,,,,,,,,,,,,,,,,,,
,,,,,,,,,,,,,,,,,,,,,,,,,,,,
,,,,,,,,,,,,,,,,,,,,,,,,,,,,
,,,,,,,,,,,,,,,,,,,,,,,,,,,,
,,,,,,,,,,,,,,,,,,,,,,,,,,,,
,,,,,,,,,,,,,,,,,,,,,,,,,,,,
,,,,,,,,,,,,,,,,,,,,,,,,,,,,
,,,,,,,,,,,,,,,,,,,,,,,,,,,,
,,,,,,,,,,,,,,,,,,,,,,,,,,,,
,,,,,,,,,,,,,,,,,,,,,,,,,,,,
,,,,,,,,,,,,,,,,,,,,,,,,,,,,
,,,,,,,,,,,,,,,,,,,,,,,,,,,,
,,,,,,,,,,,,,,,,,,,,,,,,,,,,
,,,,,,,,,,,,,,,,,,,,,,,,,,,,
,,,,,,,,,,,,,,,,,,,,,,,,,,,,
,,,,,,,,,,,,,,,,,,,,,,,,,,,,
,,,,,,,,,,,,,,,,,,,,,,,,,,,,
,,,,,,,,,,,,,,,,,,,,,,,,,,,,
,,,,,,,,,,,,,,,,,,,,,,,,,,,,
,,,,,,,,,,,,,,,,,,,,,,,,,,,,
,,,,,,,,,,,,,,,,,,,,,,,,,,,,
,,,,,,,,,,,,,,,,,,,,,,,,,,,,
,,,,,,,,,,,,,,,,,,,,,,,,,,,,
,,,,,,,,,,,,,,,,,,,,,,,,,,,,
,,,,,,,,,,,,,,,,,,,,,,,,,,,,
,,,,,,,,,,,,,,,,,,,,,,,,,,,,
,,,,,,,,,,,,,,,,,,,,,,,,,,,,
,,,,,,,,,,,,,,,,,,,,,,,,,,,,
,,,,,,,,,,,,,,,,,,,,,,,,,,,,
,,,,,,,,,,,,,,,,,,,,,,,,,,,,
,,,,,,,,,,,,,,,,,,,,,,,,,,,,
,,,,,,,,,,,,,,,,,,,,,,,,,,,,
,,,,,,,,,,,,,,,,,,,,,,,,,,,,
,,,,,,,,,,,,,,,,,,,,,,,,,,,,
,,,,,,,,,,,,,,,,,,,,,,,,,,,,
,,,,,,,,,,,,,,,,,,,,,,,,,,,,
,,,,,,,,,,,,,,,,,,,,,,,,,,,,
,,,,,,,,,,,,,,,,,,,,,,,,,,,,
,,,,,,,,,,,,,,,,,,,,,,,,,,,,
,,,,,,,,,,,,,,,,,,,,,,,,,,,,
,,,,,,,,,,,,,,,,,,,,,,,,,,,,
,,,,,,,,,,,,,,,,,,,,,,,,,,,,
,,,,,,,,,,,,,,,,,,,,,,,,,,,,
,,,,,,,,,,,,,,,,,,,,,,,,,,,,
,,,,,,,,,,,,,,,,,,,,,,,,,,,,
,,,,,,,,,,,,,,,,,,,,,,,,,,,,
,,,,,,,,,,,,,,,,,,,,,,,,,,,,
,,,,,,,,,,,,,,,,,,,,,,,,,,,,
,,,,,,,,,,,,,,,,,,,,,,,,,,,,
,,,,,,,,,,,,,,,,,,,,,,,,,,,,
,,,,,,,,,,,,,,,,,,,,,,,,,,,,
,,,,,,,,,,,,,,,,,,,,,,,,,,,,
,,,,,,,,,,,,,,,,,,,,,,,,,,,,
,,,,,,,,,,,,,,,,,,,,,,,,,,,,
,,,,,,,,,,,,,,,,,,,,,,,,,,,,
,,,,,,,,,,,,,,,,,,,,,,,,,,,,
,,,,,,,,,,,,,,,,,,,,,,,,,,,,
,,,,,,,,,,,,,,,,,,,,,,,,,,,,
,,,,,,,,,,,,,,,,,,,,,,,,,,,,
,,,,,,,,,,,,,,,,,,,,,,,,,,,,
,,,,,,,,,,,,,,,,,,,,,,,,,,,,
,,,,,,,,,,,,,,,,,,,,,,,,,,,,
,,,,,,,,,,,,,,,,,,,,,,,,,,,,
,,,,,,,,,,,,,,,,,,,,,,,,,,,,
,,,,,,,,,,,,,,,,,,,,,,,,,,,,
,,,,,,,,,,,,,,,,,,,,,,,,,,,,
,,,,,,,,,,,,,,,,,,,,,,,,,,,,
,,,,,,,,,,,,,,,,,,,,,,,,,,,,
,,,,,,,,,,,,,,,,,,,,,,,,,,,,
,,,,,,,,,,,,,,,,,,,,,,,,,,,,
,,,,,,,,,,,,,,,,,,,,,,,,,,,,
,,,,,,,,,,,,,,,,,,,,,,,,,,,,
,,,,,,,,,,,,,,,,,,,,,,,,,,,,
,,,,,,,,,,,,,,,,,,,,,,,,,,,,
,,,,,,,,,,,,,,,,,,,,,,,,,,,,
,,,,,,,,,,,,,,,,,,,,,,,,,,,,
,,,,,,,,,,,,,,,,,,,,,,,,,,,,
,,,,,,,,,,,,,,,,,,,,,,,,,,,,
,,,,,,,,,,,,,,,,,,,,,,,,,,,,
,,,,,,,,,,,,,,,,,,,,,,,,,,,,
,,,,,,,,,,,,,,,,,,,,,,,,,,,,
,,,,,,,,,,,,,,,,,,,,,,,,,,,,
,,,,,,,,,,,,,,,,,,,,,,,,,,,,
,,,,,,,,,,,,,,,,,,,,,,,,,,,,
,,,,,,,,,,,,,,,,,,,,,,,,,,,,
,,,,,,,,,,,,,,,,,,,,,,,,,,,,
,,,,,,,,,,,,,,,,,,,,,,,,,,,,
,,,,,,,,,,,,,,,,,,,,,,,,,,,,
,,,,,,,,,,,,,,,,,,,,,,,,,,,,
,,,,,,,,,,,,,,,,,,,,,,,,,,,,
,,,,,,,,,,,,,,,,,,,,,,,,,,,,
,,,,,,,,,,,,,,,,,,,,,,,,,,,,
,,,,,,,,,,,,,,,,,,,,,,,,,,,,
,,,,,,,,,,,,,,,,,,,,,,,,,,,,
,,,,,,,,,,,,,,,,,,,,,,,,,,,,
,,,,,,,,,,,,,,,,,,,,,,,,,,,,
,,,,,,,,,,,,,,,,,,,,,,,,,,,,
,,,,,,,,,,,,,,,,,,,,,,,,,,,,
,,,,,,,,,,,,,,,,,,,,,,,,,,,,
,,,,,,,,,,,,,,,,,,,,,,,,,,,,
,,,,,,,,,,,,,,,,,,,,,,,,,,,,
,,,,,,,,,,,,,,,,,,,,,,,,,,,,
,,,,,,,,,,,,,,,,,,,,,,,,,,,,
,,,,,,,,,,,,,,,,,,,,,,,,,,,,
,,,,,,,,,,,,,,,,,,,,,,,,,,,,
,,,,,,,,,,,,,,,,,,,,,,,,,,,,
,,,,,,,,,,,,,,,,,,,,,,,,,,,,
,,,,,,,,,,,,,,,,,,,,,,,,,,,,
,,,,,,,,,,,,,,,,,,,,,,,,,,,,
,,,,,,,,,,,,,,,,,,,,,,,,,,,,
,,,,,,,,,,,,,,,,,,,,,,,,,,,,
,,,,,,,,,,,,,,,,,,,,,,,,,,,,
,,,,,,,,,,,,,,,,,,,,,,,,,,,,
,,,,,,,,,,,,,,,,,,,,,,,,,,,,
,,,,,,,,,,,,,,,,,,,,,,,,,,,,
,,,,,,,,,,,,,,,,,,,,,,,,,,,,
,,,,,,,,,,,,,,,,,,,,,,,,,,,,
,,,,,,,,,,,,,,,,,,,,,,,,,,,,
,,,,,,,,,,,,,,,,,,,,,,,,,,,,
,,,,,,,,,,,,,,,,,,,,,,,,,,,,
,,,,,,,,,,,,,,,,,,,,,,,,,,,,
,,,,,,,,,,,,,,,,,,,,,,,,,,,,
,,,,,,,,,,,,,,,,,,,,,,,,,,,,
,,,,,,,,,,,,,,,,,,,,,,,,,,,,
,,,,,,,,,,,,,,,,,,,,,,,,,,,,
,,,,,,,,,,,,,,,,,,,,,,,,,,,,
,,,,,,,,,,,,,,,,,,,,,,,,,,,,
,,,,,,,,,,,,,,,,,,,,,,,,,,,,
,,,,,,,,,,,,,,,,,,,,,,,,,,,,
,,,,,,,,,,,,,,,,,,,,,,,,,,,,
,,,,,,,,,,,,,,,,,,,,,,,,,,,,
,,,,,,,,,,,,,,,,,,,,,,,,,,,,
,,,,,,,,,,,,,,,,,,,,,,,,,,,,
,,,,,,,,,,,,,,,,,,,,,,,,,,,,
,,,,,,,,,,,,,,,,,,,,,,,,,,,,
,,,,,,,,,,,,,,,,,,,,,,,,,,,,
,,,,,,,,,,,,,,,,,,,,,,,,,,,,
,,,,,,,,,,,,,,,,,,,,,,,,,,,,
,,,,,,,,,,,,,,,,,,,,,,,,,,,,
,,,,,,,,,,,,,,,,,,,,,,,,,,,,
,,,,,,,,,,,,,,,,,,,,,,,,,,,,
,,,,,,,,,,,,,,,,,,,,,,,,,,,,
,,,,,,,,,,,,,,,,,,,,,,,,,,,,
,,,,,,,,,,,,,,,,,,,,,,,,,,,,
,,,,,,,,,,,,,,,,,,,,,,,,,,,,
,,,,,,,,,,,,,,,,,,,,,,,,,,,,
,,,,,,,,,,,,,,,,,,,,,,,,,,,,
,,,,,,,,,,,,,,,,,,,,,,,,,,,,
,,,,,,,,,,,,,,,,,,,,,,,,,,,,
,,,,,,,,,,,,,,,,,,,,,,,,,,,,
,,,,,,,,,,,,,,,,,,,,,,,,,,,,
,,,,,,,,,,,,,,,,,,,,,,,,,,,,
,,,,,,,,,,,,,,,,,,,,,,,,,,,,
,,,,,,,,,,,,,,,,,,,,,,,,,,,,
,,,,,,,,,,,,,,,,,,,,,,,,,,,,
,,,,,,,,,,,,,,,,,,,,,,,,,,,,
,,,,,,,,,,,,,,,,,,,,,,,,,,,,
,,,,,,,,,,,,,,,,,,,,,,,,,,,,
,,,,,,,,,,,,,,,,,,,,,,,,,,,,
,,,,,,,,,,,,,,,,,,,,,,,,,,,,
,,,,,,,,,,,,,,,,,,,,,,,,,,,,
,,,,,,,,,,,,,,,,,,,,,,,,,,,,
,,,,,,,,,,,,,,,,,,,,,,,,,,,,
,,,,,,,,,,,,,,,,,,,,,,,,,,,,
,,,,,,,,,,,,,,,,,,,,,,,,,,,,
,,,,,,,,,,,,,,,,,,,,,,,,,,,,
,,,,,,,,,,,,,,,,,,,,,,,,,,,,
,,,,,,,,,,,,,,,,,,,,,,,,,,,,
,,,,,,,,,,,,,,,,,,,,,,,,,,,,
,,,,,,,,,,,,,,,,,,,,,,,,,,,,
,,,,,,,,,,,,,,,,,,,,,,,,,,,,
,,,,,,,,,,,,,,,,,,,,,,,,,,,,
,,,,,,,,,,,,,,,,,,,,,,,,,,,,
,,,,,,,,,,,,,,,,,,,,,,,,,,,,
,,,,,,,,,,,,,,,,,,,,,,,,,,,,
,,,,,,,,,,,,,,,,,,,,,,,,,,,,
,,,,,,,,,,,,,,,,,,,,,,,,,,,,
,,,,,,,,,,,,,,,,,,,,,,,,,,,,
,,,,,,,,,,,,,,,,,,,,,,,,,,,,
,,,,,,,,,,,,,,,,,,,,,,,,,,,,
,,,,,,,,,,,,,,,,,,,,,,,,,,,,
,,,,,,,,,,,,,,,,,,,,,,,,,,,,
,,,,,,,,,,,,,,,,,,,,,,,,,,,,
,,,,,,,,,,,,,,,,,,,,,,,,,,,,
,,,,,,,,,,,,,,,,,,,,,,,,,,,,
,,,,,,,,,,,,,,,,,,,,,,,,,,,,
,,,,,,,,,,,,,,,,,,,,,,,,,,,,
,,,,,,,,,,,,,,,,,,,,,,,,,,,,
,,,,,,,,,,,,,,,,,,,,,,,,,,,,
,,,,,,,,,,,,,,,,,,,,,,,,,,,,
,,,,,,,,,,,,,,,,,,,,,,,,,,,,
,,,,,,,,,,,,,,,,,,,,,,,,,,,,
,,,,,,,,,,,,,,,,,,,,,,,,,,,,
,,,,,,,,,,,,,,,,,,,,,,,,,,,,
,,,,,,,,,,,,,,,,,,,,,,,,,,,,
,,,,,,,,,,,,,,,,,,,,,,,,,,,,
,,,,,,,,,,,,,,,,,,,,,,,,,,,,
,,,,,,,,,,,,,,,,,,,,,,,,,,,,
,,,,,,,,,,,,,,,,,,,,,,,,,,,,
,,,,,,,,,,,,,,,,,,,,,,,,,,,,
,,,,,,,,,,,,,,,,,,,,,,,,,,,,
,,,,,,,,,,,,,,,,,,,,,,,,,,,,
,,,,,,,,,,,,,,,,,,,,,,,,,,,,
,,,,,,,,,,,,,,,,,,,,,,,,,,,,
,,,,,,,,,,,,,,,,,,,,,,,,,,,,
,,,,,,,,,,,,,,,,,,,,,,,,,,,,
,,,,,,,,,,,,,,,,,,,,,,,,,,,,
,,,,,,,,,,,,,,,,,,,,,,,,,,,,
,,,,,,,,,,,,,,,,,,,,,,,,,,,,
,,,,,,,,,,,,,,,,,,,,,,,,,,,,
,,,,,,,,,,,,,,,,,,,,,,,,,,,,
,,,,,,,,,,,,,,,,,,,,,,,,,,,,
,,,,,,,,,,,,,,,,,,,,,,,,,,,,
,,,,,,,,,,,,,,,,,,,,,,,,,,,,
,,,,,,,,,,,,,,,,,,,,,,,,,,,,
,,,,,,,,,,,,,,,,,,,,,,,,,,,,
,,,,,,,,,,,,,,,,,,,,,,,,,,,,
,,,,,,,,,,,,,,,,,,,,,,,,,,,,
,,,,,,,,,,,,,,,,,,,,,,,,,,,,
,,,,,,,,,,,,,,,,,,,,,,,,,,,,
,,,,,,,,,,,,,,,,,,,,,,,,,,,,
,,,,,,,,,,,,,,,,,,,,,,,,,,,,
,,,,,,,,,,,,,,,,,,,,,,,,,,,,
,,,,,,,,,,,,,,,,,,,,,,,,,,,,
,,,,,,,,,,,,,,,,,,,,,,,,,,,,
,,,,,,,,,,,,,,,,,,,,,,,,,,,,
,,,,,,,,,,,,,,,,,,,,,,,,,,,,
,,,,,,,,,,,,,,,,,,,,,,,,,,,,
,,,,,,,,,,,,,,,,,,,,,,,,,,,,
,,,,,,,,,,,,,,,,,,,,,,,,,,,,
,,,,,,,,,,,,,,,,,,,,,,,,,,,,
,,,,,,,,,,,,,,,,,,,,,,,,,,,,
,,,,,,,,,,,,,,,,,,,,,,,,,,,,
,,,,,,,,,,,,,,,,,,,,,,,,,,,,
,,,,,,,,,,,,,,,,,,,,,,,,,,,,
,,,,,,,,,,,,,,,,,,,,,,,,,,,,
,,,,,,,,,,,,,,,,,,,,,,,,,,,,
,,,,,,,,,,,,,,,,,,,,,,,,,,,,
,,,,,,,,,,,,,,,,,,,,,,,,,,,,
,,,,,,,,,,,,,,,,,,,,,,,,,,,,
,,,,,,,,,,,,,,,,,,,,,,,,,,,,
,,,,,,,,,,,,,,,,,,,,,,,,,,,,
,,,,,,,,,,,,,,,,,,,,,,,,,,,,
,,,,,,,,,,,,,,,,,,,,,,,,,,,,
,,,,,,,,,,,,,,,,,,,,,,,,,,,,
,,,,,,,,,,,,,,,,,,,,,,,,,,,,
,,,,,,,,,,,,,,,,,,,,,,,,,,,,
,,,,,,,,,,,,,,,,,,,,,,,,,,,,
,,,,,,,,,,,,,,,,,,,,,,,,,,,,
,,,,,,,,,,,,,,,,,,,,,,,,,,,,
,,,,,,,,,,,,,,,,,,,,,,,,,,,,
,,,,,,,,,,,,,,,,,,,,,,,,,,,,
,,,,,,,,,,,,,,,,,,,,,,,,,,,,
,,,,,,,,,,,,,,,,,,,,,,,,,,,,
,,,,,,,,,,,,,,,,,,,,,,,,,,,,
,,,,,,,,,,,,,,,,,,,,,,,,,,,,
,,,,,,,,,,,,,,,,,,,,,,,,,,,,
,,,,,,,,,,,,,,,,,,,,,,,,,,,,
,,,,,,,,,,,,,,,,,,,,,,,,,,,,
,,,,,,,,,,,,,,,,,,,,,,,,,,,,
,,,,,,,,,,,,,,,,,,,,,,,,,,,,
,,,,,,,,,,,,,,,,,,,,,,,,,,,,
,,,,,,,,,,,,,,,,,,,,,,,,,,,,
,,,,,,,,,,,,,,,,,,,,,,,,,,,,
,,,,,,,,,,,,,,,,,,,,,,,,,,,,
,,,,,,,,,,,,,,,,,,,,,,,,,,,,
,,,,,,,,,,,,,,,,,,,,,,,,,,,,
,,,,,,,,,,,,,,,,,,,,,,,,,,,,
,,,,,,,,,,,,,,,,,,,,,,,,,,,,
,,,,,,,,,,,,,,,,,,,,,,,,,,,,
,,,,,,,,,,,,,,,,,,,,,,,,,,,,
,,,,,,,,,,,,,,,,,,,,,,,,,,,,
,,,,,,,,,,,,,,,,,,,,,,,,,,,,
,,,,,,,,,,,,,,,,,,,,,,,,,,,,
,,,,,,,,,,,,,,,,,,,,,,,,,,,,
,,,,,,,,,,,,,,,,,,,,,,,,,,,,
,,,,,,,,,,,,,,,,,,,,,,,,,,,,
,,,,,,,,,,,,,,,,,,,,,,,,,,,,
,,,,,,,,,,,,,,,,,,,,,,,,,,,,
,,,,,,,,,,,,,,,,,,,,,,,,,,,,
,,,,,,,,,,,,,,,,,,,,,,,,,,,,
,,,,,,,,,,,,,,,,,,,,,,,,,,,,
,,,,,,,,,,,,,,,,,,,,,,,,,,,,
,,,,,,,,,,,,,,,,,,,,,,,,,,,,
,,,,,,,,,,,,,,,,,,,,,,,,,,,,
,,,,,,,,,,,,,,,,,,,,,,,,,,,,
,,,,,,,,,,,,,,,,,,,,,,,,,,,,
,,,,,,,,,,,,,,,,,,,,,,,,,,,,
,,,,,,,,,,,,,,,,,,,,,,,,,,,,
,,,,,,,,,,,,,,,,,,,,,,,,,,,,
,,,,,,,,,,,,,,,,,,,,,,,,,,,,
,,,,,,,,,,,,,,,,,,,,,,,,,,,,
,,,,,,,,,,,,,,,,,,,,,,,,,,,,
,,,,,,,,,,,,,,,,,,,,,,,,,,,,
,,,,,,,,,,,,,,,,,,,,,,,,,,,,
,,,,,,,,,,,,,,,,,,,,,,,,,,,,
,,,,,,,,,,,,,,,,,,,,,,,,,,,,
,,,,,,,,,,,,,,,,,,,,,,,,,,,,
,,,,,,,,,,,,,,,,,,,,,,,,,,,,
,,,,,,,,,,,,,,,,,,,,,,,,,,,,
,,,,,,,,,,,,,,,,,,,,,,,,,,,,
,,,,,,,,,,,,,,,,,,,,,,,,,,,,
,,,,,,,,,,,,,,,,,,,,,,,,,,,,
,,,,,,,,,,,,,,,,,,,,,,,,,,,,
,,,,,,,,,,,,,,,,,,,,,,,,,,,,
,,,,,,,,,,,,,,,,,,,,,,,,,,,,
,,,,,,,,,,,,,,,,,,,,,,,,,,,,
,,,,,,,,,,,,,,,,,,,,,,,,,,,,
,,,,,,,,,,,,,,,,,,,,,,,,,,,,
,,,,,,,,,,,,,,,,,,,,,,,,,,,,
,,,,,,,,,,,,,,,,,,,,,,,,,,,,
,,,,,,,,,,,,,,,,,,,,,,,,,,,,
,,,,,,,,,,,,,,,,,,,,,,,,,,,,
,,,,,,,,,,,,,,,,,,,,,,,,,,,,
,,,,,,,,,,,,,,,,,,,,,,,,,,,,
,,,,,,,,,,,,,,,,,,,,,,,,,,,,
,,,,,,,,,,,,,,,,,,,,,,,,,,,,
,,,,,,,,,,,,,,,,,,,,,,,,,,,,
,,,,,,,,,,,,,,,,,,,,,,,,,,,,
,,,,,,,,,,,,,,,,,,,,,,,,,,,,
,,,,,,,,,,,,,,,,,,,,,,,,,,,,
,,,,,,,,,,,,,,,,,,,,,,,,,,,,
,,,,,,,,,,,,,,,,,,,,,,,,,,,,
,,,,,,,,,,,,,,,,,,,,,,,,,,,,
,,,,,,,,,,,,,,,,,,,,,,,,,,,,
,,,,,,,,,,,,,,,,,,,,,,,,,,,,
,,,,,,,,,,,,,,,,,,,,,,,,,,,,
,,,,,,,,,,,,,,,,,,,,,,,,,,,,
,,,,,,,,,,,,,,,,,,,,,,,,,,,,
,,,,,,,,,,,,,,,,,,,,,,,,,,,,
,,,,,,,,,,,,,,,,,,,,,,,,,,,,
,,,,,,,,,,,,,,,,,,,,,,,,,,,,
,,,,,,,,,,,,,,,,,,,,,,,,,,,,
,,,,,,,,,,,,,,,,,,,,,,,,,,,,
,,,,,,,,,,,,,,,,,,,,,,,,,,,,
,,,,,,,,,,,,,,,,,,,,,,,,,,,,
,,,,,,,,,,,,,,,,,,,,,,,,,,,,
,,,,,,,,,,,,,,,,,,,,,,,,,,,,
,,,,,,,,,,,,,,,,,,,,,,,,,,,,
,,,,,,,,,,,,,,,,,,,,,,,,,,,,
,,,,,,,,,,,,,,,,,,,,,,,,,,,,
,,,,,,,,,,,,,,,,,,,,,,,,,,,,
,,,,,,,,,,,,,,,,,,,,,,,,,,,,
,,,,,,,,,,,,,,,,,,,,,,,,,,,,
,,,,,,,,,,,,,,,,,,,,,,,,,,,,
,,,,,,,,,,,,,,,,,,,,,,,,,,,,
,,,,,,,,,,,,,,,,,,,,,,,,,,,,
,,,,,,,,,,,,,,,,,,,,,,,,,,,,
,,,,,,,,,,,,,,,,,,,,,,,,,,,,
,,,,,,,,,,,,,,,,,,,,,,,,,,,,
,,,,,,,,,,,,,,,,,,,,,,,,,,,,
,,,,,,,,,,,,,,,,,,,,,,,,,,,,
,,,,,,,,,,,,,,,,,,,,,,,,,,,,
,,,,,,,,,,,,,,,,,,,,,,,,,,,,
,,,,,,,,,,,,,,,,,,,,,,,,,,,,
,,,,,,,,,,,,,,,,,,,,,,,,,,,,
,,,,,,,,,,,,,,,,,,,,,,,,,,,,
,,,,,,,,,,,,,,,,,,,,,,,,,,,,
,,,,,,,,,,,,,,,,,,,,,,,,,,,,
,,,,,,,,,,,,,,,,,,,,,,,,,,,,
,,,,,,,,,,,,,,,,,,,,,,,,,,,,
,,,,,,,,,,,,,,,,,,,,,,,,,,,,
,,,,,,,,,,,,,,,,,,,,,,,,,,,,
,,,,,,,,,,,,,,,,,,,,,,,,,,,,
,,,,,,,,,,,,,,,,,,,,,,,,,,,,
,,,,,,,,,,,,,,,,,,,,,,,,,,,,
,,,,,,,,,,,,,,,,,,,,,,,,,,,,
,,,,,,,,,,,,,,,,,,,,,,,,,,,,
,,,,,,,,,,,,,,,,,,,,,,,,,,,,
,,,,,,,,,,,,,,,,,,,,,,,,,,,,
,,,,,,,,,,,,,,,,,,,,,,,,,,,,
,,,,,,,,,,,,,,,,,,,,,,,,,,,,
,,,,,,,,,,,,,,,,,,,,,,,,,,,,
,,,,,,,,,,,,,,,,,,,,,,,,,,,,
,,,,,,,,,,,,,,,,,,,,,,,,,,,,
,,,,,,,,,,,,,,,,,,,,,,,,,,,,
,,,,,,,,,,,,,,,,,,,,,,,,,,,,
,,,,,,,,,,,,,,,,,,,,,,,,,,,,
,,,,,,,,,,,,,,,,,,,,,,,,,,,,
,,,,,,,,,,,,,,,,,,,,,,,,,,,,
,,,,,,,,,,,,,,,,,,,,,,,,,,,,
,,,,,,,,,,,,,,,,,,,,,,,,,,,,
,,,,,,,,,,,,,,,,,,,,,,,,,,,,
,,,,,,,,,,,,,,,,,,,,,,,,,,,,
,,,,,,,,,,,,,,,,,,,,,,,,,,,,
,,,,,,,,,,,,,,,,,,,,,,,,,,,,
,,,,,,,,,,,,,,,,,,,,,,,,,,,,
,,,,,,,,,,,,,,,,,,,,,,,,,,,,
,,,,,,,,,,,,,,,,,,,,,,,,,,,,
,,,,,,,,,,,,,,,,,,,,,,,,,,,,
,,,,,,,,,,,,,,,,,,,,,,,,,,,,
,,,,,,,,,,,,,,,,,,,,,,,,,,,,
,,,,,,,,,,,,,,,,,,,,,,,,,,,,
,,,,,,,,,,,,,,,,,,,,,,,,,,,,
,,,,,,,,,,,,,,,,,,,,,,,,,,,,
,,,,,,,,,,,,,,,,,,,,,,,,,,,,
,,,,,,,,,,,,,,,,,,,,,,,,,,,,
,,,,,,,,,,,,,,,,,,,,,,,,,,,,
,,,,,,,,,,,,,,,,,,,,,,,,,,,,
,,,,,,,,,,,,,,,,,,,,,,,,,,,,
,,,,,,,,,,,,,,,,,,,,,,,,,,,,
,,,,,,,,,,,,,,,,,,,,,,,,,,,,
,,,,,,,,,,,,,,,,,,,,,,,,,,,,
,,,,,,,,,,,,,,,,,,,,,,,,,,,,
,,,,,,,,,,,,,,,,,,,,,,,,,,,,
,,,,,,,,,,,,,,,,,,,,,,,,,,,,
,,,,,,,,,,,,,,,,,,,,,,,,,,,,
,,,,,,,,,,,,,,,,,,,,,,,,,,,,
,,,,,,,,,,,,,,,,,,,,,,,,,,,,
,,,,,,,,,,,,,,,,,,,,,,,,,,,,
,,,,,,,,,,,,,,,,,,,,,,,,,,,,
,,,,,,,,,,,,,,,,,,,,,,,,,,,,
,,,,,,,,,,,,,,,,,,,,,,,,,,,,
,,,,,,,,,,,,,,,,,,,,,,,,,,,,
,,,,,,,,,,,,,,,,,,,,,,,,,,,,
,,,,,,,,,,,,,,,,,,,,,,,,,,,,
,,,,,,,,,,,,,,,,,,,,,,,,,,,,
,,,,,,,,,,,,,,,,,,,,,,,,,,,,
,,,,,,,,,,,,,,,,,,,,,,,,,,,,
,,,,,,,,,,,,,,,,,,,,,,,,,,,,
,,,,,,,,,,,,,,,,,,,,,,,,,,,,
,,,,,,,,,,,,,,,,,,,,,,,,,,,,
,,,,,,,,,,,,,,,,,,,,,,,,,,,,
,,,,,,,,,,,,,,,,,,,,,,,,,,,,
,,,,,,,,,,,,,,,,,,,,,,,,,,,,
,,,,,,,,,,,,,,,,,,,,,,,,,,,,
,,,,,,,,,,,,,,,,,,,,,,,,,,,,
,,,,,,,,,,,,,,,,,,,,,,,,,,,,
,,,,,,,,,,,,,,,,,,,,,,,,,,,,
,,,,,,,,,,,,,,,,,,,,,,,,,,,,
,,,,,,,,,,,,,,,,,,,,,,,,,,,,
,,,,,,,,,,,,,,,,,,,,,,,,,,,,
,,,,,,,,,,,,,,,,,,,,,,,,,,,,
,,,,,,,,,,,,,,,,,,,,,,,,,,,,
,,,,,,,,,,,,,,,,,,,,,,,,,,,,
,,,,,,,,,,,,,,,,,,,,,,,,,,,,
,,,,,,,,,,,,,,,,,,,,,,,,,,,,
,,,,,,,,,,,,,,,,,,,,,,,,,,,,
,,,,,,,,,,,,,,,,,,,,,,,,,,,,
,,,,,,,,,,,,,,,,,,,,,,,,,,,,
,,,,,,,,,,,,,,,,,,,,,,,,,,,,
,,,,,,,,,,,,,,,,,,,,,,,,,,,,
,,,,,,,,,,,,,,,,,,,,,,,,,,,,
,,,,,,,,,,,,,,,,,,,,,,,,,,,,
,,,,,,,,,,,,,,,,,,,,,,,,,,,,
,,,,,,,,,,,,,,,,,,,,,,,,,,,,
,,,,,,,,,,,,,,,,,,,,,,,,,,,,
,,,,,,,,,,,,,,,,,,,,,,,,,,,,
,,,,,,,,,,,,,,,,,,,,,,,,,,,,
,,,,,,,,,,,,,,,,,,,,,,,,,,,,
,,,,,,,,,,,,,,,,,,,,,,,,,,,,
,,,,,,,,,,,,,,,,,,,,,,,,,,,,
,,,,,,,,,,,,,,,,,,,,,,,,,,,,
,,,,,,,,,,,,,,,,,,,,,,,,,,,,
,,,,,,,,,,,,,,,,,,,,,,,,,,,,
,,,,,,,,,,,,,,,,,,,,,,,,,,,,
,,,,,,,,,,,,,,,,,,,,,,,,,,,,
,,,,,,,,,,,,,,,,,,,,,,,,,,,,
,,,,,,,,,,,,,,,,,,,,,,,,,,,,
,,,,,,,,,,,,,,,,,,,,,,,,,,,,
,,,,,,,,,,,,,,,,,,,,,,,,,,,,
,,,,,,,,,,,,,,,,,,,,,,,,,,,,
,,,,,,,,,,,,,,,,,,,,,,,,,,,,
,,,,,,,,,,,,,,,,,,,,,,,,,,,,
,,,,,,,,,,,,,,,,,,,,,,,,,,,,
,,,,,,,,,,,,,,,,,,,,,,,,,,,,
,,,,,,,,,,,,,,,,,,,,,,,,,,,,
,,,,,,,,,,,,,,,,,,,,,,,,,,,,
,,,,,,,,,,,,,,,,,,,,,,,,,,,,
,,,,,,,,,,,,,,,,,,,,,,,,,,,,
,,,,,,,,,,,,,,,,,,,,,,,,,,,,
,,,,,,,,,,,,,,,,,,,,,,,,,,,,
,,,,,,,,,,,,,,,,,,,,,,,,,,,,
,,,,,,,,,,,,,,,,,,,,,,,,,,,,
,,,,,,,,,,,,,,,,,,,,,,,,,,,,
,,,,,,,,,,,,,,,,,,,,,,,,,,,,
,,,,,,,,,,,,,,,,,,,,,,,,,,,,
,,,,,,,,,,,,,,,,,,,,,,,,,,,,
,,,,,,,,,,,,,,,,,,,,,,,,,,,,
,,,,,,,,,,,,,,,,,,,,,,,,,,,,
,,,,,,,,,,,,,,,,,,,,,,,,,,,,
,,,,,,,,,,,,,,,,,,,,,,,,,,,,
,,,,,,,,,,,,,,,,,,,,,,,,,,,,
,,,,,,,,,,,,,,,,,,,,,,,,,,,,
,,,,,,,,,,,,,,,,,,,,,,,,,,,,
,,,,,,,,,,,,,,,,,,,,,,,,,,,,
,,,,,,,,,,,,,,,,,,,,,,,,,,,,
,,,,,,,,,,,,,,,,,,,,,,,,,,,,
,,,,,,,,,,,,,,,,,,,,,,,,,,,,
,,,,,,,,,,,,,,,,,,,,,,,,,,,,
,,,,,,,,,,,,,,,,,,,,,,,,,,,,
,,,,,,,,,,,,,,,,,,,,,,,,,,,,
,,,,,,,,,,,,,,,,,,,,,,,,,,,,
,,,,,,,,,,,,,,,,,,,,,,,,,,,,
,,,,,,,,,,,,,,,,,,,,,,,,,,,,
,,,,,,,,,,,,,,,,,,,,,,,,,,,,
,,,,,,,,,,,,,,,,,,,,,,,,,,,,
,,,,,,,,,,,,,,,,,,,,,,,,,,,,
,,,,,,,,,,,,,,,,,,,,,,,,,,,,
,,,,,,,,,,,,,,,,,,,,,,,,,,,,
,,,,,,,,,,,,,,,,,,,,,,,,,,,,
,,,,,,,,,,,,,,,,,,,,,,,,,,,,
,,,,,,,,,,,,,,,,,,,,,,,,,,,,
,,,,,,,,,,,,,,,,,,,,,,,,,,,,
,,,,,,,,,,,,,,,,,,,,,,,,,,,,
,,,,,,,,,,,,,,,,,,,,,,,,,,,,
,,,,,,,,,,,,,,,,,,,,,,,,,,,,
,,,,,,,,,,,,,,,,,,,,,,,,,,,,
,,,,,,,,,,,,,,,,,,,,,,,,,,,,
,,,,,,,,,,,,,,,,,,,,,,,,,,,,
,,,,,,,,,,,,,,,,,,,,,,,,,,,,
,,,,,,,,,,,,,,,,,,,,,,,,,,,,
,,,,,,,,,,,,,,,,,,,,,,,,,,,,
,,,,,,,,,,,,,,,,,,,,,,,,,,,,
,,,,,,,,,,,,,,,,,,,,,,,,,,,,
,,,,,,,,,,,,,,,,,,,,,,,,,,,,
,,,,,,,,,,,,,,,,,,,,,,,,,,,,
,,,,,,,,,,,,,,,,,,,,,,,,,,,,
,,,,,,,,,,,,,,,,,,,,,,,,,,,,
,,,,,,,,,,,,,,,,,,,,,,,,,,,,
,,,,,,,,,,,,,,,,,,,,,,,,,,,,
,,,,,,,,,,,,,,,,,,,,,,,,,,,,
,,,,,,,,,,,,,,,,,,,,,,,,,,,,
,,,,,,,,,,,,,,,,,,,,,,,,,,,,
,,,,,,,,,,,,,,,,,,,,,,,,,,,,
,,,,,,,,,,,,,,,,,,,,,,,,,,,,
,,,,,,,,,,,,,,,,,,,,,,,,,,,,
,,,,,,,,,,,,,,,,,,,,,,,,,,,,
,,,,,,,,,,,,,,,,,,,,,,,,,,,,
,,,,,,,,,,,,,,,,,,,,,,,,,,,,
,,,,,,,,,,,,,,,,,,,,,,,,,,,,
,,,,,,,,,,,,,,,,,,,,,,,,,,,,
,,,,,,,,,,,,,,,,,,,,,,,,,,,,
,,,,,,,,,,,,,,,,,,,,,,,,,,,,
,,,,,,,,,,,,,,,,,,,,,,,,,,,,
,,,,,,,,,,,,,,,,,,,,,,,,,,,,
,,,,,,,,,,,,,,,,,,,,,,,,,,,,
,,,,,,,,,,,,,,,,,,,,,,,,,,,,
,,,,,,,,,,,,,,,,,,,,,,,,,,,,
,,,,,,,,,,,,,,,,,,,,,,,,,,,,